Chrom	Position	Ref allele	Alt allele	Allele%	Cancer%
					
OZM-054-001-001-Baseline (ctDNA = 19.8%)					
chr17	7675124	T	C	12.6% (588)	19.8%
					
OZM-054-001-001-Other-2016Sep21 (ctDNA = 5.8%)					
chr17	7675124	T	C	3.9% (665)	5.8%
					
OZM-054-001-001-Progression1 (ctDNA = 0.0%)					
					
OZM-054-001-001-Progression2 (ctDNA = 16.5%)					
chr1	119473591	C	A	3.2% (444)	4.9%
chr17	7675124	T	C	10.9% (457)	16.5%
					
OZM-054-001-002-Baseline (ctDNA = 54.5%)					
chr2	208253612	A	G	26.9% (67)	32.6%
chr3	41224644	T	G	2.5% (1348)	3.9%
chr3	41224645	T	C	2.7% (1346)	4.9%
chr7	152183163	C	A	26.0% (1033)	38.7%
chr12	49051002	A	T	4.1% (887)	6.8%
chr17	7674972	C	A	40.7% (548)	54.5%
chr20	58895458	C	T	26.3% (974)	39.4%
					
OZM-054-001-003-Baseline (ctDNA = 71.4%)					
chr16	23634667	A	G	20.3% (59)	24.6%
chr17	7676152	C	CG	57.8% (834)	71.4%
chr19	40242510	C	A	1.5% (787)	2.0%
chr19	45363811	C	T	24.8% (274)	34.7%
chrX	129511830	A	T	72.4% (519)	69.5%
chrX	129511844	G	C	72.7% (546)	70.0%
					
OZM-054-002-001-Baseline (ctDNA = 3.9%)					
chr14	37590063	A	C	2.4% (503)	3.9%
					
OZM-054-002-001-Progression1 (ctDNA = 0.0%)					
					
OZM-054-002-002-Baseline (ctDNA = 4.9%)					
chr11	108365360	G	A	2.7% (1107)	4.9%
					
OZM-054-002-002-Other-2016Aug16 (ctDNA = 0.0%)					
					
OZM-054-002-002-Other-cfDNA-UMI-2018Mar13 (ctDNA = 27.6%)					
chr3	179210192	T	C	9.0% (1039)	14.8%
chr7	152219937	AG	A	13.5% (223)	19.0%
chr11	108365360	G	A	17.1% (1623)	27.6%
chr13	48348807	A	T	12.2% (196)	17.4%
					
OZM-054-002-003-Baseline-cfDNA-UMI-2017Jun12 (ctDNA = 33.3%)					
chr5	98900732	G	A	12.8% (553)	19.8%
chr11	114059746	T	C	13.7% (695)	21.4%
chr14	37590058	GTAT	G	4.7% (758)	7.7%
chr20	32431682	A	G	22.0% (912)	33.3%
					
OZM-054-002-003-Other-cfDNA-UMI-2017Sep05 (ctDNA = 3.0%)					
chr11	114059746	T	C	1.3% (949)	2.0%
chr20	32431682	A	G	1.7% (940)	3.0%
					
OZM-054-002-003-Progression1-cfDNA-UMI-2017Dec13 (ctDNA = 21.4%)					
chr5	98900732	G	A	3.9% (406)	5.8%
chr11	114059746	T	C	12.8% (728)	19.8%
chr14	37590058	GTAT	G	1.7% (848)	3.0%
chr20	32431682	A	G	13.4% (897)	21.4%
					
OZM-054-003-001-Baseline (ctDNA = 16.5%)					
chr3	142465026	T	C	11.8% (263)	16.5%
chr5	112844048	C	G	2.0% (961)	3.0%
chr17	49619073	C	T	9.9% (771)	15.7%
chr19	40231113	AT	A	6.2% (710)	9.5%
					
OZM-054-003-001-Other-2015Aug06 (ctDNA = 3.9%)					
chr17	49619073	C	T	2.2% (773)	3.9%
chr19	40231113	AT	A	1.5% (662)	2.0%
					
OZM-054-003-001-Other-2015May07 (ctDNA = 8.6%)					
chr3	142465026	T	C	3.3% (570)	4.9%
chr7	140801568	GT	G	5.4% (927)	8.6%
chr17	49619073	C	T	3.6% (1061)	5.8%
chr19	40231113	AT	A	4.5% (1109)	7.7%
chr21	34788729	C	A	4.0% (1253)	6.8%
chrX	67723701	C	T	4.9% (465)	4.0%
					
OZM-054-003-001-Progression1-2015Mar04 (ctDNA = 35.4%)					
chr3	142465026	T	C	17.5% (401)	26.1%
chr7	140801568	GT	G	17.7% (841)	27.6%
chr17	49619073	C	T	21.2% (703)	31.9%
chr19	40231113	AT	A	23.6% (686)	35.4%
chr21	34788729	C	A	17.1% (1076)	26.8%
chrX	67723701	C	T	18.7% (359)	16.0%
					
OZM-054-003-001-Progression2 (ctDNA = 12.2%)					
chr3	142465026	T	C	5.8% (556)	8.6%
chr7	140801568	GT	G	2.4% (951)	3.9%
chr17	49619073	C	T	4.3% (1065)	6.8%
chr19	40231113	AT	A	7.4% (1127)	12.2%
chr21	34788729	C	A	2.4% (1457)	3.9%
chrX	67711621	T	A	1.3% (998)	1.0%
chrX	67723701	C	T	6.7% (594)	5.5%
					
OZM-054-003-002-Baseline (ctDNA = 8.6%)					
chr11	108245000	C	T	5.6% (538)	8.6%
chr14	37592008	TAGCAGCCGTTCTCGA	T	2.7% (446)	3.9%
					
OZM-054-003-002-Other-2015Dec09 (ctDNA = 0.0%)					
					
OZM-054-003-002-Other-2015Mar10 (ctDNA = 0.0%)					
					
OZM-054-003-002-Progression1 (ctDNA = 0.0%)					
					
OZM-054-003-002-Progression2 (ctDNA = 0.0%)					
					
OZM-054-003-003-Baseline (ctDNA = 46.7%)					
chr6	35452360	G	A	32.9% (152)	43.1%
chr7	152176978	T	G	1.4% (845)	2.0%
chr7	152238709	C	CT	28.3% (339)	40.0%
chr13	48459744	C	T	33.0% (874)	46.7%
chr17	7674875	G	GTT	11.3% (433)	17.4%
					
OZM-054-003-003-Progression1 (ctDNA = 41.9%)					
chr6	35452360	G	A	31.0% (203)	41.9%
chr7	152238709	C	CT	22.8% (443)	33.3%
chr13	48459744	C	T	23.5% (1196)	36.1%
chr17	7674875	G	GTT	6.1% (541)	9.5%
					
OZM-054-003-004-Baseline (ctDNA = 8.6%)					
chr7	152152720	G	A	5.4% (654)	8.6%
chr7	152181593	CTGATTATGAGAAAAAT	C	2.1% (1072)	3.9%
chrX	67717530	G	T	4.9% (408)	3.5%
					
OZM-054-003-004-Other-2015Apr15 (ctDNA = 0.0%)					
					
OZM-054-003-004-Other-cfDNA-UMI-2017Oct30 (ctDNA = 6.8%)					
chr3	138656222	G	C	3.7% (1820)	6.8%
chr7	152151678	G	A	4.7% (297)	6.8%
chr7	152152720	G	A	3.7% (1662)	6.8%
					
OZM-054-003-004-Progression1-cfDNA-UMI-2017Jul25 (ctDNA = 9.5%)					
chr2	204764412	T	G	7.2% (207)	9.5%
					
OZM-054-003-004-Progression2-cfDNA-UMI-2017Nov23 (ctDNA = 13.1%)					
chr3	138656222	G	C	7.7% (1265)	13.1%
chr7	152151678	G	A	7.2% (250)	10.4%
chr7	152152720	G	A	7.3% (1349)	12.2%
					
OZM-054-003-005-Baseline (ctDNA = 0.0%)					
					
OZM-054-003-005-Other-2015Apr16 (ctDNA = 0.0%)					
					
OZM-054-003-006-Baseline (ctDNA = 27.6%)					
chr5	112840182	G	GA	15.3% (659)	23.8%
chr5	112840254	G	GA	12.2% (744)	19.0%
chr14	68497701	G	A	12.4% (791)	19.8%
chr17	7673809	CA	C	10.2% (538)	15.7%
chr17	7676256	T	TGGGACGGCAA	6.8% (513)	10.4%
chr17	49619282	A	C	17.6% (782)	27.6%
					
OZM-054-003-006-Progression1-2015Apr29 (ctDNA = 33.3%)					
chr5	112840182	G	GA	14.3% (821)	22.2%
chr5	112840254	G	GA	22.0% (968)	33.3%
chr14	68497701	G	A	17.9% (957)	27.6%
chr17	7673809	CA	C	18.8% (602)	28.3%
chr17	7676256	T	TGGGACGGCAA	14.1% (418)	21.4%
chr17	49619282	A	C	20.1% (926)	31.2%
					
OZM-054-003-006-Progression2-2015Jun15 (ctDNA = 47.9%)					
chr5	112840182	G	GA	26.6% (1087)	39.4%
chr5	112840254	G	GA	20.9% (1243)	32.6%
chr13	48453042	CAACTGATCACCTTGAATCT	C	10.4% (613)	16.5%
chr14	68497701	G	A	24.4% (1113)	36.7%
chr17	7673809	CA	C	22.4% (861)	34.0%
chr17	7676256	T	TGGGACGGCAA	20.6% (689)	31.2%
chr17	49619282	A	C	33.3% (1231)	47.9%
					
OZM-054-003-008-Baseline (ctDNA = 0.0%)					
					
OZM-054-003-008-Other-2015May13 (ctDNA = 0.0%)					
					
OZM-054-003-008-Progression1 (ctDNA = 0.0%)					
					
OZM-054-003-008-Progression2 (ctDNA = 0.0%)					
					
OZM-054-003-009-Baseline (ctDNA = 15.7%)					
chr20	32434459	T	TGGGTGGTTAAAGGTCA	2.3% (662)	3.9%
chr21	10464635	C	A	13.2% (76)	15.7%
					
OZM-054-003-010-Baseline (ctDNA = 51.3%)					
chr5	68296280	C	T	22.9% (713)	34.0%
chr9	35076913	G	A	1.4% (699)	2.0%
chr14	37591161	T	TATACACAATGAATTTTGA	3.3% (634)	4.9%
chr17	7675125	A	G	38.1% (399)	51.3%
chr21	34792330	G	T	5.4% (257)	7.7%
chr21	38392389	C	T	27.9% (641)	40.6%
chr21	41464638	G	A	6.0% (695)	9.5%
					
OZM-054-003-011-Baseline (ctDNA = 5.8%)					
chr12	49020214	T	C	3.2% (626)	4.9%
chr17	39501383	CA	C	3.5% (966)	5.8%
					
OZM-054-003-011-Other-2015Oct29 (ctDNA = 26.8%)					
chr3	138704507	T	A	11.0% (608)	17.4%
chr12	49020214	T	C	10.0% (582)	15.7%
chr17	39501383	CA	C	16.7% (1276)	26.8%
chr17	39515736	T	G	5.8% (942)	9.5%
					
OZM-054-003-011-Progression1 (ctDNA = 8.6%)					
chr3	138704507	T	A	5.6% (374)	8.6%
chr12	49020214	T	C	3.9% (493)	5.8%
chr17	39501383	CA	C	5.5% (776)	8.6%
chr17	39515736	T	G	3.1% (614)	4.9%
					
OZM-054-003-011-Progression2 (ctDNA = 51.9%)					
chr1	26771130	C	CA	1.6% (874)	3.0%
chr3	71358976	A	G	34.8% (69)	42.5%
chr3	138704507	T	A	27.4% (572)	40.0%
chr7	116769735	G	A	1.4% (1337)	2.0%
chr8	70126615	G	C	1.2% (1434)	2.0%
chr12	49020214	T	C	24.3% (676)	36.1%
chr14	37590581	G	GGGTT	3.5% (1052)	5.8%
chr16	13935321	G	A	1.1% (1103)	2.0%
chr17	39501383	CA	C	36.4% (1589)	51.9%
chr17	39515736	T	G	19.6% (928)	30.5%
					
OZM-054-003-012-Baseline (ctDNA = 23.8%)					
chr3	70977927	CG	C	15.8% (387)	23.8%
chrX	67717529	G	T	3.6% (305)	2.5%
chrX	67717530	G	C	3.9% (306)	3.0%
					
OZM-054-003-012-Other-2015Sep23 (ctDNA = 28.3%)					
chr3	70977927	CG	C	19.6% (342)	28.3%
					
OZM-054-003-012-Progression1 (ctDNA = 38.1%)					
chr3	70977927	CG	C	25.4% (945)	38.1%
					
OZM-054-003-012-Progression2 (ctDNA = 5.8%)					
chr3	70977927	CG	C	3.9% (983)	5.8%
					
OZM-054-003-013-Baseline (ctDNA = 60.1%)					
chr8	127738707	C	T	10.8% (490)	16.5%
chr13	32356472	C	T	46.0% (550)	60.1%
chr16	13935305	G	C	14.5% (967)	23.0%
chr21	10516217	G	T	7.7% (274)	10.4%
chrX	67717529	G	T	23.5% (344)	20.5%
chrX	67717530	G	C	6.4% (343)	5.0%
					
OZM-054-003-013-Other-2015Oct27 (ctDNA = 0.0%)					
					
OZM-054-003-013-Other-cfDNA-UMI-2018Aug07 (ctDNA = 32.6%)					
chr3	71360470	G	A	2.7% (1091)	3.9%
chr5	112840224	G	T	10.6% (1088)	17.4%
chr7	152140818	C	T	1.5% (1409)	3.0%
chr8	27597009	T	A	2.7% (1239)	4.9%
chr8	127738707	C	T	5.8% (789)	9.5%
chr13	32356472	C	T	21.4% (1103)	32.6%
chr16	13935305	G	C	7.5% (1235)	12.2%
chr17	39532557	G	T	2.9% (1362)	4.9%
chr19	40234790	G	T	2.9% (929)	4.9%
chr20	58910867	A	T	6.7% (1290)	11.3%
chr21	10516217	G	T	5.2% (496)	7.7%
chr21	38381626	T	A	1.1% (1572)	2.0%
					
OZM-054-003-013-Progression1-cfDNA-UMI-2018May08 (ctDNA = 66.7%)					
chr5	112840224	G	T	35.0% (622)	49.1%
chr8	27597009	T	A	4.5% (820)	6.8%
chr8	127738707	C	T	10.9% (782)	17.4%
chr13	32356472	C	T	52.5% (750)	66.7%
chr16	13935305	G	C	19.0% (1081)	29.8%
chr17	39532557	G	T	1.8% (1155)	3.0%
chr20	58910867	A	T	13.2% (993)	21.4%
chr21	10516217	G	T	11.0% (428)	16.5%
chr21	38381626	T	A	5.1% (1465)	8.6%
					
OZM-054-003-013-Progression2-cfDNA-UMI-2018Oct30 (ctDNA = 42.5%)					
chr3	72374283	C	G	3.0% (1737)	4.9%
chr5	112840224	G	T	20.1% (1021)	31.2%
chr8	27597009	T	A	4.6% (1246)	7.7%
chr8	127738707	C	T	7.8% (929)	12.2%
chr13	32356472	C	T	28.9% (1105)	42.5%
chr16	13935305	G	C	9.9% (1269)	16.5%
chr17	39532557	G	T	3.1% (1387)	4.9%
chr20	58910867	A	T	12.7% (1278)	20.6%
chr21	10516217	G	T	6.0% (537)	9.5%
chr21	38381626	T	A	2.0% (1723)	3.9%
					
OZM-054-003-014-Baseline (ctDNA = 7.7%)					
chr1	26781653	C	A	1.9% (784)	3.0%
chr17	7674870	CATAGGGCACCACCACACT	C	4.9% (813)	7.7%
					
OZM-054-003-014-Other-2015Nov12 (ctDNA = 0.0%)					
					
OZM-054-003-014-Progression1 (ctDNA = 26.8%)					
chr1	26781653	C	A	10.2% (955)	16.5%
chr17	7674870	CATAGGGCACCACCACACT	C	17.1% (802)	26.8%
					
OZM-054-003-014-Progression2 (ctDNA = 31.9%)					
chr1	26781653	C	A	11.8% (968)	19.0%
chr17	7674870	CATAGGGCACCACCACACT	C	20.9% (870)	31.9%
chr17	58352392	G	A	9.5% (105)	11.3%
					
OZM-054-003-016-Baseline (ctDNA = 78.0%)					
chr3	142466262	C	A	15.0% (468)	23.0%
chr5	112839909	CCTCCACCACCTCCTCAAACAGCT	C	36.3% (1510)	51.3%
chr14	37592025	C	CATGTTGCCGGAGTCCGG	17.4% (764)	26.8%
chr17	7674969	GACCT	G	61.2% (636)	73.8%
chrX	67717530	G	C	7.2% (1763)	6.5%
chrX	71127975	A	G	80.1% (899)	78.0%
					
OZM-054-003-016-Other-2016Jul27 (ctDNA = 59.0%)					
chr3	142466262	C	A	17.9% (368)	26.1%
chr5	112839909	CCTCCACCACCTCCTCAAACAGCT	C	38.6% (1220)	53.5%
chr7	116759366	T	C	2.4% (1407)	3.9%
chr14	37592025	C	CATGTTGCCGGAGTCCGG	14.7% (531)	22.2%
chr17	7674969	GACCT	G	38.1% (612)	51.9%
chrX	71127975	A	G	61.7% (616)	59.0%
					
OZM-054-003-016-Other-2016Oct19 (ctDNA = 41.3%)					
chr3	142466262	C	A	7.5% (507)	11.3%
chr5	112839909	CCTCCACCACCTCCTCAAACAGCT	C	27.4% (1535)	41.3%
chr7	152315160	G	A	1.4% (1252)	2.0%
chr12	49029416	T	C	1.8% (685)	3.0%
chr14	37592025	C	CATGTTGCCGGAGTCCGG	7.4% (768)	12.2%
chr17	7674969	GACCT	G	16.0% (888)	25.3%
chrX	67568879	C	A	1.5% (2093)	1.5%
chrX	67568886	C	T	1.6% (2256)	1.5%
chrX	71127975	A	G	27.5% (636)	25.0%
					
OZM-054-003-016-Progression1-2016Jun09 (ctDNA = 82.7%)					
chr3	142466262	C	A	19.6% (506)	29.1%
chr5	112839909	CCTCCACCACCTCCTCAAACAGCT	C	57.4% (1325)	71.4%
chr6	54775151	G	T	1.6% (1032)	3.0%
chr7	116759366	T	C	5.1% (1208)	8.6%
chr10	87968588	G	C	1.5% (725)	2.0%
chr14	37592025	C	CATGTTGCCGGAGTCCGG	18.8% (340)	27.6%
chr17	7674969	GACCT	G	73.1% (554)	82.7%
chr17	43080016	C	A	4.9% (329)	6.8%
chrX	71127975	A	G	84.2% (619)	82.0%
					
OZM-054-003-016-Progression2 (ctDNA = 74.0%)					
chr3	142466262	C	A	17.3% (584)	26.1%
chr5	68291832	G	C	1.6% (1216)	3.0%
chr5	112839909	CCTCCACCACCTCCTCAAACAGCT	C	50.0% (1712)	65.3%
chr6	54775151	G	T	1.0% (1155)	2.0%
chr7	116759366	T	C	1.8% (1495)	3.0%
chr14	37592025	C	CATGTTGCCGGAGTCCGG	20.5% (611)	30.5%
chr17	7674969	GACCT	G	59.0% (766)	72.2%
chrX	71127975	A	G	76.6% (730)	74.0%
					
OZM-054-003-017-Baseline (ctDNA = 32.6%)					
chr5	68296271	C	T	17.2% (804)	26.8%
chr5	112840254	G	GA	21.4% (929)	32.6%
					
OZM-054-003-017-Progression1-2017Jan04 (ctDNA = 44.4%)					
chr5	68296271	C	T	25.1% (934)	37.4%
chr5	112840254	G	GA	30.1% (1377)	44.4%
					
OZM-054-003-017-Progression2 (ctDNA = 29.1%)					
chr3	71041431	T	C	1.1% (1140)	2.0%
chr21	35984886	G	C	19.1% (676)	29.1%
					
OZM-054-003-018-Baseline (ctDNA = 5.8%)					
chr3	70956138	T	C	2.2% (913)	3.9%
chr7	116797250	A	G	3.4% (1014)	5.8%
chr17	7670700	G	A	3.8% (397)	5.8%
					
OZM-054-003-018-Other-2017Feb21 (ctDNA = 9.5%)					
chr3	70956138	T	C	3.5% (1094)	5.8%
chr7	116797250	A	G	3.4% (1147)	5.8%
chr17	7670700	G	A	6.6% (457)	9.5%
					
OZM-054-003-018-Progression1 (ctDNA = 38.1%)					
chr3	70956138	T	C	17.0% (794)	26.1%
chr4	152326174	CTGGCCTGTCTCAATATCCCAAACCCTAAGAG	C	8.7% (564)	13.1%
chr7	116797250	A	G	12.6% (854)	19.8%
chr17	7670700	G	A	27.0% (281)	38.1%
chrX	45070144	CA	C	2.9% (449)	2.0%
					
OZM-054-003-018-Progression2-cfDNA-UMI-2017May31 (ctDNA = 38.1%)					
chr3	70956138	T	C	9.6% (1409)	15.7%
chr5	112840148	AG	A	1.0% (1542)	2.0%
chr7	116797250	A	G	11.4% (1757)	19.0%
chr10	87961509	C	T	26.0% (131)	34.0%
chr17	7670700	G	A	25.9% (803)	38.1%
					
OZM-054-003-019-Baseline (ctDNA = 22.2%)					
chr2	136982864	G	T	10.2% (430)	15.7%
chr12	49024793	C	G	4.0% (645)	5.8%
chr17	7674220	C	T	12.4% (820)	19.8%
chr17	39463021	GCT	G	14.1% (861)	22.2%
chrX	67717529	G	T	3.1% (874)	2.5%
					
OZM-054-003-019-Other-cfDNA-UMI-2017Apr12 (ctDNA = 4.9%)					
chr2	136982864	G	T	3.1% (804)	4.9%
chr17	39463021	GCT	G	2.1% (1280)	3.9%
					
OZM-054-003-019-Other-cfDNA-UMI-2017Dec13 (ctDNA = 0.0%)					
					
OZM-054-003-019-Progression1-cfDNA-UMI-2017Sep20 (ctDNA = 0.0%)					
					
OZM-054-003-019-Progression2-cfDNA-UMI-2018Feb20 (ctDNA = 2.0%)					
chr17	39463021	GCT	G	1.0% (1273)	2.0%
					
OZM-054-003-020-Baseline-cfDNA-UMI-2017May10 (ctDNA = 27.6%)					
chr5	98897438	G	C	9.8% (183)	13.1%
chr11	69640898	C	T	28.4% (74)	35.4%
chr14	37590131	T	TA	8.2% (576)	13.1%
chr14	37590240	T	A	4.5% (1044)	7.7%
chr14	37590972	CAAAT	C	12.5% (869)	19.8%
chr17	7675151	CCGGGCGGGGGT	C	18.0% (811)	27.6%
					
OZM-054-003-020-Other-cfDNA-UMI-2017Aug16 (ctDNA = 0.0%)					
					
OZM-054-003-020-Other-cfDNA-UMI-2018Jun19 (ctDNA = 0.0%)					
					
OZM-054-003-020-Progression1-cfDNA-UMI-2018Mar28 (ctDNA = 16.5%)					
chr5	98897438	G	C	4.6% (283)	6.8%
chr11	69640898	C	T	15.2% (99)	19.0%
chr14	37590131	T	TA	3.1% (968)	4.9%
chr14	37590240	T	A	2.5% (1260)	3.9%
chr14	37590972	CAAAT	C	4.7% (1110)	7.7%
chr17	7675151	CCGGGCGGGGGT	C	10.3% (930)	16.5%
					
OZM-054-003-020-Progression2-cfDNA-UMI-2018Oct24 (ctDNA = 2.0%)					
chr17	7675151	CCGGGCGGGGGT	C	1.0% (1192)	2.0%
					
OZM-054-003-021-Baseline-UMI-2017Aug22 (ctDNA = 64.4%)					
chr8	70159573	CTTCG	C	32.4% (1869)	47.3%
chr10	87894084	AG	A	49.6% (1116)	64.4%
chrX	67717529	G	T	9.3% (991)	8.0%
chrX	67717530	G	T	1.4% (983)	1.0%
					
OZM-054-003-021-Other-cfDNA-UMI-2017Nov01 (ctDNA = 37.4%)					
chr8	70159573	CTTCG	C	24.5% (2021)	37.4%
chr10	87894084	AG	A	22.9% (1701)	35.4%
					
OZM-054-005-001-Baseline (ctDNA = 0.0%)					
					
OZM-054-005-001-Other-2016Jul19 (ctDNA = 0.0%)					
					
OZM-054-005-002-Baseline (ctDNA = 0.0%)					
					
OZM-054-005-002-Other-cfDNA-UMI-2016Nov16 (ctDNA = 0.0%)					
					
OZM-054-005-003-Baseline-cfDNA-UMI-2017Jul25 (ctDNA = 13.1%)					
chr5	98870751	C	T	2.4% (1692)	3.9%
chr7	152224014	C	G	7.7% (905)	12.2%
chr14	37590398	AAT	A	7.9% (1668)	13.1%
					
OZM-054-005-003-Other-cfDNA-UMI-2017Sep25 (ctDNA = 0.0%)					
					
OZM-054-005-003-Progression1-cfDNA-UMI-2017Dec21 (ctDNA = 0.0%)					
					
OZM-054-006-001-Baseline (ctDNA = 86.0%)					
chr3	179218303	G	A	2.6% (984)	3.9%
chr17	7674220	C	T	78.5% (484)	86.0%
chrX	67694732	G	A	1.1% (8037)	1.0%
chrX	67694774	G	C	1.2% (8470)	1.5%
					
OZM-054-006-001-Other-2016Feb09 (ctDNA = 67.1%)					
chr3	179218303	G	A	9.3% (1101)	14.8%
chr17	7674220	C	T	53.9% (525)	67.1%
chrX	67694732	G	A	1.1% (7447)	1.0%
chrX	67694774	G	C	1.2% (7817)	1.0%
chrX	67694981	G	C	1.4% (7524)	1.5%
chrX	67695048	G	C	1.5% (8350)	1.5%
chrX	67695258	G	C	1.5% (9304)	1.5%
chrX	67695462	G	C	1.8% (9229)	2.0%
chrX	67695948	G	A	1.6% (8669)	1.5%
chrX	67724096	C	T	1.7% (6785)	1.5%
chrX	67724184	C	G	1.9% (5909)	2.0%
chrX	67726790	C	T	1.1% (7774)	1.0%
					
OZM-054-006-001-Progression1 (ctDNA = 84.4%)					
chr3	179218303	G	A	4.2% (1060)	6.8%
chr5	68296289	ACTTTT	A	6.3% (576)	9.5%
chr12	49030207	C	G	8.8% (295)	13.1%
chr17	7674220	C	T	76.2% (441)	84.4%
chrX	67694732	G	A	4.9% (8054)	5.0%
chrX	67694774	G	C	4.9% (8466)	5.0%
chrX	67694981	G	C	4.8% (8451)	4.5%
chrX	67695048	G	C	5.3% (9082)	5.0%
chrX	67695258	G	C	5.6% (10318)	5.5%
chrX	67695462	G	C	5.2% (10505)	5.0%
chrX	67695948	G	A	5.3% (9385)	5.0%
chrX	67724046	C	G	5.0% (7896)	5.0%
chrX	67724051	C	T	5.0% (8017)	5.0%
chrX	67724096	C	T	5.2% (7568)	5.0%
chrX	67724184	C	G	5.6% (6810)	5.5%
chrX	67726603	C	G	2.6% (9701)	2.5%
chrX	67726766	C	G	3.0% (7618)	3.0%
chrX	67726790	C	T	2.8% (8324)	2.5%
chrX	67726807	C	G	2.6% (8385)	2.5%
chrX	67727410	C	G	2.3% (9455)	2.5%
					
OZM-054-006-002-Baseline (ctDNA = 0.0%)					
					
OZM-054-006-002-Other-2016Aug15 (ctDNA = 0.0%)					
					
OZM-054-006-002-Progression1-cfDNA-UMI-2017Jan03 (ctDNA = 0.0%)					
					
OZM-054-006-003-Baseline (ctDNA = 36.1%)					
chr3	70965762	A	G	20.1% (209)	28.3%
chr3	72379660	TCCCTGTG	T	16.9% (59)	19.8%
chr7	116777357	G	A	24.0% (938)	36.1%
chr14	37593920	GAACA	G	2.2% (728)	3.0%
chrX	67728798	C	A	1.2% (6518)	1.0%
					
OZM-054-006-003-Progression1 (ctDNA = 18.2%)					
chr3	70965762	A	G	12.5% (240)	18.2%
chr7	116777357	G	A	8.7% (964)	14.0%
					
OZM-054-006-004-Baseline (ctDNA = 2.0%)					
chr17	39462624	AG	A	1.2% (891)	2.0%
					
OZM-054-006-004-Other-cfDNA-UMI-2017Feb14 (ctDNA = 0.0%)					
					
OZM-054-006-005-Baseline-cfDNA-UMI-2017Apr04 (ctDNA = 42.5%)					
chr3	41199543	C	T	22.1% (520)	32.6%
chr3	179203765	T	A	13.0% (1112)	20.6%
chr11	69648298	G	C	11.5% (669)	18.2%
chr11	108279671	C	T	1.3% (860)	2.0%
chr14	37591553	G	A	18.9% (1431)	29.8%
chr17	7674230	C	T	29.2% (1013)	42.5%
					
OZM-054-006-005-Other-cfDNA-UMI-2017Nov22 (ctDNA = 30.5%)					
chr3	41199543	C	T	16.4% (457)	24.6%
chr3	179203765	T	A	13.2% (1339)	21.4%
chr11	69648298	G	C	6.9% (634)	10.4%
chr14	37591553	G	A	12.1% (1341)	19.8%
chr17	7674230	C	T	19.8% (1100)	30.5%
					
OZM-054-006-005-Progression1-cfDNA-UMI-2017Sep01 (ctDNA = 23.0%)					
chr3	41199543	C	T	10.2% (579)	15.7%
chr3	179203765	T	A	11.2% (1165)	18.2%
chr11	69648298	G	C	9.2% (576)	14.0%
chr14	37591553	G	A	8.7% (1305)	14.8%
chr17	7674230	C	T	14.5% (997)	23.0%
					
OZM-054-006-006-Baseline-cfDNA-UMI-2017Apr04 (ctDNA = 8.5%)					
chr12	49034191	C	T	3.1% (1438)	4.9%
chrX	71129391	G	T	10.0% (481)	8.5%
					
OZM-054-006-006-Other-cfDNA-UMI-2017Jul20 (ctDNA = 0.0%)					
					
OZM-054-006-007-Baseline-cfDNA-UMI-2017Aug29 (ctDNA = 71.8%)					
chr2	47804841	TAAGA	T	5.1% (810)	7.7%
chr5	112840254	G	GA	58.0% (1093)	71.8%
chr13	102866838	T	C	48.3% (787)	62.5%
chr17	7674894	G	A	43.0% (1301)	58.2%
chr21	41473554	C	T	56.6% (136)	66.7%
					
OZM-054-006-007-Progression1-cfDNA-UMI-2017Nov28 (ctDNA = 63.0%)					
chr2	47804841	TAAGA	T	29.9% (948)	43.8%
chr5	112840254	G	GA	47.6% (1394)	62.5%
chr13	102866838	T	C	48.3% (1050)	63.0%
chr17	7674894	G	A	45.6% (1121)	60.6%
chr21	41473554	C	T	36.6% (175)	47.9%
					
OZM-054-006-008-Baseline-cfDNA-UMI-2017Oct03 (ctDNA = 10.4%)					
chr17	43064222	C	T	6.3% (1515)	10.4%
					
OZM-054-006-008-Progression1-cfDNA-UMI-2018Jan16 (ctDNA = 54.5%)					
chr7	92610434	TGAGAAAA	T	19.3% (2353)	31.2%
chr17	43064222	C	T	39.1% (1634)	54.5%
					
OZM-054-009-001-Baseline (ctDNA = 3.9%)					
chr7	116699292	A	G	1.3% (1238)	2.0%
chr17	7674262	T	C	2.8% (685)	3.9%
					
OZM-054-009-001-Other-cfDNA-UMI-2017Mar29 (ctDNA = 0.0%)					
					
OZM-054-009-001-Other-cfDNA-UMI-2017Nov08 (ctDNA = 42.5%)					
chr7	92774558	C	A	24.1% (241)	33.3%
chr7	116699292	A	G	28.6% (1569)	42.5%
chr12	12717981	C	T	20.8% (990)	31.9%
chr17	7674262	T	C	28.1% (702)	40.6%
chr17	43126125	G	A	24.7% (474)	36.1%
chr19	40280540	C	A	4.0% (253)	4.9%
					
OZM-054-009-001-Progression1-cfDNA-UMI-2017Aug08 (ctDNA = 41.3%)					
chr7	92774558	C	A	30.8% (201)	41.3%
chr7	116699292	A	G	20.9% (1537)	32.6%
chr12	12717981	C	T	15.3% (998)	24.6%
chr17	7674262	T	C	25.2% (795)	37.4%
chr17	43126125	G	A	21.0% (518)	31.2%
chr19	40280540	C	A	4.5% (221)	5.8%
					
OZM-054-010-001-Baseline (ctDNA = 37.4%)					
chr5	112840111	TG	T	20.2% (927)	31.2%
chr5	112840113	A	T	21.0% (930)	31.9%
chr11	114121937	G	T	13.6% (684)	21.4%
chr12	49049983	G	A	16.4% (847)	25.3%
chr12	49050005	TG	T	15.3% (852)	23.8%
chr17	7674257	A	G	25.4% (590)	37.4%
chr17	49619282	A	C	22.6% (1123)	34.7%
					
OZM-054-010-001-Other-2016Jul15 (ctDNA = 8.6%)					
chr5	112840111	TG	T	5.1% (1192)	8.6%
chr5	112840113	A	T	5.2% (1189)	8.6%
chr11	114121937	G	T	3.6% (775)	5.8%
chr12	49049983	G	A	4.0% (1035)	6.8%
chr12	49050005	TG	T	3.5% (1059)	5.8%
chr17	7674257	A	G	4.2% (770)	6.8%
chr17	49619282	A	C	5.4% (1262)	8.6%
					
OZM-054-010-001-Progression1 (ctDNA = 56.1%)					
chr5	98926453	A	G	2.6% (453)	3.9%
chr5	112840111	TG	T	40.0% (1006)	54.5%
chr5	112840113	A	T	41.3% (1014)	56.1%
chr11	114121937	G	T	26.5% (642)	38.7%
chr12	49049983	G	A	33.9% (1146)	48.5%
chr12	49050005	TG	T	32.1% (1151)	46.2%
chr12	68808882	C	G	40.0% (40)	45.6%
chr17	7674257	A	G	41.5% (672)	55.6%
chr17	49619282	A	C	32.0% (1505)	46.7%
chrX	67723710	A	G	4.1% (1402)	3.50%
					
OZM-054-010-002-Baseline (ctDNA = 29.1%)					
chr4	152324129	T	G	40.0% (1344)	55.10%
chr5	112838630	TC	T	9.3% (869)	14.80%
chr17	7673803	G	C	19.1% (614)	29.10%
					
OZM-054-010-002-Other-2016Nov09 (ctDNA = 0.0%)					
					
OZM-054-010-003-Baseline (ctDNA = 24.6%)					
chr1	119601857	A	G	17.0% (253)	24.60%
chr7	116783615	C	T	9.7% (103)	12.20%
chr8	70141203	C	T	6.0% (1091)	9.50%
chr17	39471313	AT	A	12.1% (1128)	19.80%
chr17	39520011	AAGCGGTGCACAGC	A	10.2% (863)	16.50%
chr19	45370164	A	C	11.6% (415)	17.40%
chrX	45111446	G	T	22.8% (631)	20.50%
					
OZM-054-010-003-Other-2017Mar01 (ctDNA = 0.0%)					
					
OZM-054-010-003-Progression1-cfDNA-UMI-2017Jul19 (ctDNA = 56.6%)					
chr1	119601857	A	G	44.6% (202)	56.60%
chr7	116783615	C	T	42.1% (183)	53.50%
chr8	70141203	C	T	18.2% (1692)	29.10%
chr17	39471313	AT	A	30.2% (1632)	44.40%
chr17	39520011	AAGCGGTGCACAGC	A	21.3% (1335)	33.30%
chr19	45370164	A	C	23.9% (687)	35.40%
chrX	45111446	G	T	68.1% (1323)	66.50%
chrX	67723710	A	G	1.1% (1611)	1.00%
					
OZM-054-010-004-Baseline-cfDNA-UMI-2017Apr26 (ctDNA = 16.5%)					
chr5	98863395	G	C	7.0% (714)	11.30%
chr12	68844987	C	G	2.5% (482)	3.90%
chr14	37590481	T	C	4.9% (1606)	8.60%
chr17	7674275	TAC	T	9.9% (1128)	16.50%
chr21	38381057	AATG	A	8.0% (1894)	14.00%
					
OZM-054-010-004-Other-cfDNA-UMI-2017Jul28 (ctDNA = 0.0%)					
					
OZM-054-010-004-Progression1-cfDNA-UMI-2017Nov15 (ctDNA = 27.6%)					
chr5	98863395	G	C	16.1% (802)	25.30%
chr14	37590481	T	C	8.9% (1253)	14.80%
chr17	7674275	TAC	T	17.8% (889)	27.60%
chr21	38381057	AATG	A	11.0% (1533)	18.20%
					
OZM-054-010-005-Baseline-cfDNA-UMI-2017Jun01 (ctDNA = 26.1%)					
chr3	41224633	A	G	15.8% (2012)	26.10%
chr17	7676273	C	G	15.7% (835)	24.60%
					
OZM-054-012-001-Baseline (ctDNA = 36.7%)					
chr1	26768140	G	A	19.1% (162)	26.10%
chr5	112840366	C	CA	3.7% (615)	5.80%
chr12	12717851	GCGAGTGTCTAACGGGAGCC	G	11.5% (426)	17.40%
chr14	37591949	CGCCCCCGCCGCCG	C	12.6% (239)	18.20%
chr17	7669644	GT	G	25.0% (628)	36.70%
					
OZM-054-012-001-Other-2015Dec01 (ctDNA = 3.0%)					
chr17	7669644	GT	G	2.1% (610)	3.00%
					
OZM-054-012-001-Other-2016Apr27 (ctDNA = 0.0%)					
					
OZM-054-012-001-Progression1 (ctDNA = 39.4%)					
chr1	26768140	G	A	19.7% (137)	26.10%
chr5	112840366	C	CA	13.8% (682)	21.40%
chr12	12717851	GCGAGTGTCTAACGGGAGCC	G	12.7% (504)	19.80%
chr14	37591949	CGCCCCCGCCGCCG	C	14.7% (258)	21.40%
chr17	7669644	GT	G	27.1% (639)	39.40%
					
OZM-054-012-002-Baseline (ctDNA = 13.1%)					
chr7	92609243	C	T	1.3% (821)	2.00%
chr8	70138347	G	GA	18.4% (727)	28.30%
chr17	7674878	A	C	8.4% (760)	13.10%
					
OZM-054-012-002-Other-2015Nov23 (ctDNA = 19.8%)					
chr8	70138347	G	GA	18.7% (726)	29.10%
chr17	7674878	A	C	12.5% (671)	19.80%
					
OZM-054-012-002-Other-2016Apr27 (ctDNA = 43.8%)					
chr8	70138347	G	GA	27.1% (1068)	40.00%
chr17	7674878	A	C	30.0% (868)	43.80%
					
OZM-054-012-002-Progression1 (ctDNA = 46.7%)					
chr8	70138347	G	GA	33.0% (773)	46.70%
chr17	7674878	A	C	33.3% (639)	46.70%
					
OZM-054-012-002-Progression2 (ctDNA = 55.6%)					
chr8	70138347	G	GA	32.8% (1192)	47.30%
chr17	7674878	A	C	41.3% (683)	55.60%
					
OZM-054-012-003-Baseline (ctDNA = 3.0%)					
chr1	204551666	T	A	2.0% (961)	3.00%
					
OZM-054-012-003-Other-2016May04 (ctDNA = 3.0%)					
chr1	26763301	C	G	1.9% (694)	3.00%
chr1	26780944	T	C	1.1% (1064)	2.00%
chr2	47555934	A	G	1.4% (850)	2.00%
chr4	152352989	G	A	1.2% (835)	2.00%
chr7	92607491	T	C	1.5% (1038)	3.00%
chr11	108226805	C	T	1.6% (676)	3.00%
chr12	68836761	T	C	1.8% (790)	3.00%
					
OZM-054-012-003-Other-2017Apr26 (ctDNA = 0.0%)					
					
OZM-054-012-003-Progression1 (ctDNA = 4.9%)					
chr1	204551666	T	A	3.0% (1624)	4.90%
chr3	41239532	TTGTTATGTGATCA	T	1.2% (1575)	2.00%
chr3	70954650	A	C	1.6% (748)	3.00%
chr4	152352989	G	A	1.1% (964)	2.00%
chr9	95127288	C	G	1.8% (1311)	3.00%
chr11	69641402	C	T	1.1% (1098)	2.00%
chr11	108226805	C	T	2.2% (739)	3.00%
chr20	32439059	G	C	1.1% (1681)	2.00%
chr21	34788159	G	A	2.0% (1673)	3.90%
					
OZM-054-012-004-Baseline (ctDNA = 7.7%)					
chr11	108229278	GA	G	2.7% (1090)	3.90%
chr17	49619064	A	C	5.0% (913)	7.70%
					
OZM-054-012-004-Other-2017May31 (ctDNA = 0.0%)					
					
OZM-054-012-005-Baseline-cfDNA-UMI-2015Jul04 (ctDNA = 55.1%)					
chr1	204555569	G	A	5.6% (876)	8.60%
chr5	98898260	CA	C	40.2% (1108)	55.10%
chr5	112738064	C	T	37.7% (114)	47.30%
chr7	152137097	G	A	38.5% (1891)	54.00%
					
OZM-054-012-005-Other-cfDNA-UMI-2017Nov09 (ctDNA = 48.5%)					
chr1	204555569	G	A	7.0% (1076)	11.30%
chr5	98898260	CA	C	34.1% (1258)	48.50%
chr5	112738064	C	T	28.2% (85)	35.40%
chr7	152137097	G	A	31.9% (1980)	46.70%
					
OZM-054-012-005-Other-cfDNA-UMI-2018Feb01 (ctDNA = 58.7%)					
chr1	204555569	G	A	2.9% (925)	4.90%
chr5	98898260	CA	C	43.7% (1254)	58.70%
chr5	112738064	C	T	34.3% (105)	43.10%
chr5	112840957	G	A	1.1% (1409)	2.00%
chr7	152137097	G	A	36.0% (1759)	51.30%
					
OZM-054-012-005-Progression1-cfDNA-UMI-2017Oct03 (ctDNA = 54.5%)					
chr1	204555569	G	A	8.6% (903)	14.00%
chr5	98898260	CA	C	39.6% (1099)	54.50%
chr5	112738064	C	T	37.7% (130)	47.90%
chr7	152137097	G	A	35.8% (1793)	50.70%
					
OZM-054-012-006-Baseline-cfDNA-UMI-2017Nov21 (ctDNA = 46.7%)					
chr2	127271226	G	C	10.2% (275)	14.80%
chr5	98899487	T	C	5.2% (776)	8.60%
chr11	114156376	C	G	8.0% (1410)	13.10%
chr17	39462465	A	T	28.4% (1428)	41.90%
chr17	39494542	A	G	24.8% (1521)	38.10%
chr17	39531850	T	A	31.9% (2013)	46.70%
chrX	67711621	T	A	1.1% (4006)	1.00%
					
OZM-054-012-006-Progression1-cfDNA-UMI-2018Feb22 (ctDNA = 35.4%)					
chr2	208254389	C	G	1.6% (623)	2.00%
chr17	39462465	A	T	14.3% (1245)	23.00%
chr17	39494542	A	G	14.8% (1516)	23.80%
chr17	39531850	T	A	23.1% (1561)	35.40%
chrX	67711621	T	A	3.8% (2026)	3.50%
					
OZM-054-016-001-Baseline (ctDNA = 54.0%)					
chr3	10065230	A	T	27.5% (69)	34.00%
chr3	41237331	G	A	39.9% (381)	52.90%
chr17	7675156	C	CG	40.1% (504)	54.00%
					
OZM-054-016-001-Progression1-2015Sep08 (ctDNA = 58.2%)					
chr3	41237331	G	A	26.5% (381)	38.10%
chr17	7675156	C	CG	45.0% (322)	58.20%
chr17	43045413	C	T	3.2% (1338)	5.80%
					
OZM-054-016-002-Baseline (ctDNA = 78.8%)					
chr11	108365208	C	T	67.7% (570)	78.80%
chr20	58841663	G	C	45.1% (583)	59.20%
chrX	71119726	G	A	52.2% (492)	49.00%
chrX	129480811	G	A	68.1% (251)	63.50%
					
OZM-054-016-002-Other-2015Oct13 (ctDNA = 19.8%)					
chr11	108365208	C	T	12.0% (1164)	19.80%
chr13	102865676	T	C	1.5% (1595)	3.00%
chr20	58841663	G	C	12.8% (689)	19.80%
chrX	71119726	G	A	7.7% (531)	6.50%
chrX	129480811	G	A	9.1% (516)	7.50%
					
OZM-054-016-002-Progression1 (ctDNA = 54.0%)					
chr11	108365208	C	T	40.0% (572)	54.00%
chr20	58841663	G	C	45.8% (424)	59.20%
chrX	67694969	TGTGA	T	1.4% (2003)	1.50%
chrX	71119726	G	A	41.4% (251)	37.00%
chrX	129480811	G	A	41.4% (215)	36.50%
					
OZM-054-016-002-Progression2 (ctDNA = 27.6%)					
chr11	108365208	C	T	18.0% (662)	27.60%
chr20	58841663	G	C	24.6% (513)	36.10%
chrX	71119726	G	A	13.3% (362)	11.00%
chrX	129480811	G	A	14.8% (270)	12.00%
					
OZM-054-016-003-Baseline (ctDNA = 0.0%)					
					
OZM-054-016-003-Other-2016Dec05 (ctDNA = 0.0%)					
					
OZM-054-016-003-Other-2016Jan05 (ctDNA = 3.0%)					
chr7	140723636	C	A	1.9% (1009)	3.00%
					
OZM-054-016-003-Progression1 (ctDNA = 2.0%)					
chr7	140723636	C	A	1.3% (1009)	2.00%
					
OZM-054-016-003-Progression2-cfDNA-UMI-2017Aug22 (ctDNA = 0.0%)					
					
OZM-054-016-004-Baseline (ctDNA = 0.0%)					
					
OZM-054-016-004-Other-cfDNA-UMI-2017Jun29 (ctDNA = 0.0%)					
					
OZM-054-016-004-Other-cfDNA-UMI-2017May03 (ctDNA = 0.0%)					
					
OZM-054-016-004-Progression1-cfDNA-UMI-2017Jan31 (ctDNA = 3.0%)					
chr10	87925557	TGTAA	T	1.2% (905)	2.00%
chr12	49046840	G	A	1.6% (645)	2.00%
chr17	39471107	AT	A	1.8% (1578)	3.00%
chr17	39520000	T	C	1.7% (1435)	3.00%
					
OZM-054-016-004-Progression2-cfDNA-UMI-2017Jun14 (ctDNA = 0.0%)					
					
OZM-054-016-005-Baseline (ctDNA = 3.5%)					
chr12	49024887	G	A	1.5% (723)	2.00%
chr17	49618553	T	C	1.4% (864)	2.00%
chrX	67727238	G	C	4.4% (977)	3.50%
					
OZM-054-016-005-Other-2016Nov25 (ctDNA = 0.0%)					
					
OZM-054-016-005-Other-cfDNA-UMI-2017Apr05 (ctDNA = 0.0%)					
					
OZM-054-016-005-Progression1 (ctDNA = 6.0%)					
chrX	67711621	T	A	1.3% (1635)	1.00%
chrX	67727238	G	C	7.1% (1167)	6.00%
					
OZM-054-016-005-Progression2-cfDNA-UMI-2017Aug24 (ctDNA = 84.4%)					
chr10	87961054	C	CA	75.2% (809)	84.40%
chr12	49054581	G	T	43.4% (1222)	58.70%
chr14	37589941	C	G	37.3% (383)	50.20%
					
OZM-054-016-006-Baseline (ctDNA = 34.7%)					
chr2	22189649	T	G	19.8% (131)	26.10%
chr2	47709991	C	T	12.5% (80)	14.80%
chr14	37592000	GGCGCAAGTAGCA	G	13.7% (531)	21.40%
chr21	38471633	C	G	22.9% (1206)	34.70%
					
OZM-054-016-006-Other-cfDNA-UMI-2017Jul20 (ctDNA = 39.4%)					
chr2	22189649	T	G	29.7% (148)	39.40%
chr2	47709991	C	T	22.6% (124)	29.80%
chr14	37592000	GGCGCAAGTAGCA	G	18.2% (1012)	28.30%
chr21	38471633	C	G	23.7% (2204)	36.70%
					
OZM-054-016-006-Progression1-cfDNA-UMI-2017Mar16 (ctDNA = 7.7%)					
chr14	37592000	GGCGCAAGTAGCA	G	1.5% (1097)	3.00%
chr21	38471633	C	G	4.3% (1847)	7.70%
					
OZM-054-016-006-Progression2-cfDNA-UMI-2017Oct11 (ctDNA = 57.7%)					
chr2	22189649	T	G	51.1% (45)	57.70%
chr2	47709991	C	T	18.6% (97)	23.80%
chr14	37592000	GGCGCAAGTAGCA	G	21.0% (862)	31.90%
chr21	38471633	C	G	26.4% (2171)	40.00%
					
OZM-054-016-007-Baseline (ctDNA = 9.5%)					
chr8	70110240	T	C	6.0% (1045)	9.50%
chr17	39462436	T	TA	4.4% (901)	6.80%
					
OZM-054-016-007-Other-2017Apr13 (ctDNA = 0.0%)					
					
OZM-054-016-008-Baseline (ctDNA = 40.0%)					
chr2	47471228	A	G	35.1% (37)	40.00%
chr2	47807046	G	A	2.5% (604)	3.90%
chr3	72377066	G	A	13.9% (761)	22.20%
chr5	98856022	T	A	18.6% (776)	28.30%
chr6	35457965	A	G	16.3% (669)	25.30%
chr6	35459409	G	A	2.5% (842)	3.90%
chr7	116755323	GT	G	2.0% (637)	3.00%
chr7	140739857	T	C	12.7% (1000)	20.60%
chr7	152181910	G	A	24.4% (988)	36.70%
chr8	127740999	T	C	11.4% (1298)	19.00%
chr11	22623479	C	T	13.2% (948)	21.40%
chr11	116858314	G	A	21.1% (142)	28.30%
chr12	49039248	C	T	2.6% (607)	3.90%
chr12	49054753	T	C	4.3% (485)	6.80%
chr13	32332739	C	G	1.2% (908)	2.00%
chr13	102861481	A	T	19.5% (416)	29.10%
chr13	102862940	A	G	19.1% (1046)	29.80%
chr13	102865883	C	T	10.4% (1222)	17.40%
chr13	102866694	C	T	17.7% (648)	26.80%
chr14	104776708	A	G	13.5% (532)	20.60%
chr16	13948335	A	C	17.8% (1109)	27.60%
chr16	23622845	G	A	24.8% (125)	32.60%
chr16	23641245	G	A	12.2% (205)	17.40%
chr17	7675088	C	T	25.5% (345)	36.10%
chr17	43092151	T	C	1.0% (1070)	2.00%
chr17	58371102	C	A	13.9% (346)	20.60%
chr20	32431668	G	A	17.6% (478)	26.10%
chr20	58895403	G	C	4.8% (1015)	7.70%
chr20	58898028	G	C	3.8% (952)	5.80%
chr20	58898404	G	C	3.5% (821)	5.80%
chr20	58898917	G	A	4.4% (888)	6.80%
chr20	58900211	G	C	4.2% (834)	6.80%
chr20	58903157	G	C	5.7% (1055)	9.50%
chr20	58903258	G	A	4.6% (1184)	7.70%
chrX	67723701	C	T	5.2% (383)	4.00%
chrX	71126347	C	T	2.1% (559)	1.50%
					
OZM-054-016-008-Other-2017Apr20 (ctDNA = 45.0%)					
chr1	24929598	C	T	8.7% (173)	11.30%
chr1	26771140	C	T	5.6% (1083)	9.50%
chr2	47471228	A	G	36.4% (44)	41.90%
chr2	47803500	AC	A	27.0% (1029)	40.00%
chr2	47807046	G	A	6.1% (775)	9.50%
chr3	72377066	G	A	7.5% (984)	12.20%
chr3	179204619	A	G	3.7% (547)	5.80%
chr5	98856022	T	A	25.9% (848)	38.70%
chr6	35457965	A	G	18.4% (955)	28.30%
chr6	35459409	G	A	7.9% (1186)	13.10%
chr7	116755323	GT	G	4.4% (825)	6.80%
chr7	140739857	T	C	15.5% (1343)	24.60%
chr7	152181910	G	A	31.2% (1081)	45.00%
chr8	127740999	T	C	12.4% (1698)	20.60%
chr9	95109647	C	T	1.9% (858)	3.00%
chr11	22623479	C	T	16.6% (1109)	26.10%
chr11	116858314	G	A	21.6% (199)	29.80%
chr12	49054753	T	C	2.6% (620)	3.90%
chr13	32332739	C	G	1.8% (1058)	3.00%
chr13	102861481	A	T	21.5% (543)	31.90%
chr13	102862551	A	G	6.0% (1271)	9.50%
chr13	102862940	A	G	20.9% (1338)	32.60%
chr13	102865883	C	T	4.8% (1557)	8.60%
chr13	102866694	C	T	21.7% (782)	32.60%
chr14	104776708	A	G	19.7% (659)	29.80%
chr16	13948335	A	C	23.8% (1440)	36.10%
chr16	23622845	G	A	21.8% (174)	29.80%
chr16	23641245	G	A	16.6% (296)	23.80%
chr17	7675088	C	T	27.9% (488)	40.00%
chr17	49619025	C	T	5.6% (1408)	9.50%
chr17	58370936	CG	C	8.8% (746)	14.00%
chr17	58371102	C	A	24.3% (506)	35.40%
chr20	32429446	A	G	1.2% (1068)	2.00%
chr20	32431668	G	A	19.9% (602)	29.80%
chr20	58895403	G	C	2.5% (1192)	3.90%
chr20	58898028	G	C	2.2% (1250)	3.90%
chr20	58898404	G	C	1.7% (1031)	3.00%
chr20	58898917	G	A	2.7% (1134)	4.90%
chr20	58900211	G	C	1.7% (1150)	3.00%
chr20	58903145	C	T	4.9% (1195)	8.60%
chr20	58903157	G	C	1.9% (1233)	3.00%
chr20	58903258	G	A	2.4% (1398)	3.90%
					
OZM-054-016-008-Progression1-UMI-2017Jun19 (ctDNA = 51.3%)					
chr1	26771140	C	T	3.4% (1510)	5.80%
chr2	47471228	A	G	41.2% (51)	47.90%
chr2	47801146	G	A	1.5% (1514)	3.00%
chr2	47803500	AC	A	30.4% (1751)	45.00%
chr2	47807046	G	A	3.7% (1273)	5.80%
chr3	72377066	G	A	19.1% (1631)	30.50%
chr5	98856022	T	A	31.7% (1368)	46.20%
chr5	112707412	A	G	11.8% (153)	15.70%
chr6	35457965	A	G	22.9% (1669)	35.40%
chr6	35459409	G	A	3.2% (1847)	5.80%
chr7	140739857	T	C	15.2% (2225)	24.60%
chr7	148698320	A	G	4.3% (657)	6.80%
chr7	148789778	C	T	1.3% (1939)	2.00%
chr7	152181910	G	A	35.9% (1791)	51.30%
chr8	127740999	T	C	15.3% (2309)	25.30%
chr9	95109647	C	T	2.9% (1597)	4.90%
chr11	22623479	C	T	18.9% (1616)	29.80%
chr11	74485216	A	G	2.8% (1154)	4.90%
chr11	116858314	G	A	11.6% (86)	14.00%
chr12	49039248	C	T	1.8% (1523)	3.00%
chr12	49054753	T	C	4.3% (1180)	6.80%
chr13	32326881	T	C	2.3% (989)	3.90%
chr13	32332739	C	G	2.4% (1604)	3.90%
chr13	102861481	A	T	20.4% (779)	31.20%
chr13	102862940	A	G	22.7% (1767)	35.40%
chr13	102865883	C	T	12.2% (2160)	20.60%
chr13	102866694	C	T	22.8% (1427)	35.40%
chr14	104776708	A	G	19.7% (1338)	30.50%
chr16	13948335	A	C	24.6% (2106)	38.10%
chr16	23622845	G	A	29.6% (223)	40.00%
chr16	23641245	G	A	23.4% (620)	34.70%
chr17	7675088	C	T	33.0% (855)	46.70%
chr17	7676047	C	T	1.2% (1255)	2.00%
chr17	49619025	C	T	2.5% (1897)	3.90%
chr17	58371102	C	A	24.9% (772)	36.70%
chr17	58709569	GT	G	6.0% (604)	9.50%
chr19	40265262	A	G	1.2% (1428)	2.00%
chr19	45409092	A	G	3.1% (1442)	4.90%
chr20	32431668	G	A	25.0% (1169)	37.40%
chr20	58841960	A	G	2.1% (676)	3.00%
chr20	58892430	G	T	10.3% (116)	13.10%
chr20	58895403	G	C	6.7% (1806)	11.30%
chr20	58898028	G	C	6.3% (1935)	10.40%
chr20	58898404	G	C	6.4% (1616)	11.30%
chr20	58898917	G	A	8.1% (1908)	14.00%
chr20	58900211	G	C	7.3% (1729)	12.20%
chr20	58903145	C	T	2.0% (1974)	3.90%
chr20	58903157	G	C	7.6% (2000)	13.10%
chr20	58903258	G	A	7.3% (2080)	12.20%
chr20	58905316	G	C	4.7% (559)	6.80%
chrX	45053892	A	G	1.3% (941)	1.00%
chrX	67711662	G	A	4.3% (978)	3.50%
chrX	67723701	C	T	12.4% (719)	11.00%
chrX	67723710	A	G	3.2% (750)	2.50%
chrX	129515950	A	G	3.4% (880)	3.00%
					
OZM-054-016-009-Baseline-cfDNA-UMI-2017May10 (ctDNA = 13.1%)					
chr17	7675180	CT	C	8.0% (1493)	13.10%
					
OZM-054-016-009-Other-cfDNA-UMI-2017Aug02 (ctDNA = 0.0%)					
					
OZM-054-016-009-Other-cfDNA-UMI-2018Jan25 (ctDNA = 0.0%)					
					
OZM-054-016-010-Baseline-cfDNA-UMI-2017May17 (ctDNA = 31.2%)					
chr7	116763160	G	C	16.1% (2037)	26.10%
chr17	7675232	G	A	18.8% (1192)	29.80%
chr17	58720881	T	C	21.0% (587)	31.20%
chr20	58840643	G	A	2.3% (1415)	3.90%
					
OZM-054-016-010-Other-cfDNA-UMI-2017Nov07 (ctDNA = 0.0%)					
					
OZM-054-016-010-Progression1-cfDNA-UMI-2017Aug03 (ctDNA = 46.7%)					
chr7	116763160	G	C	28.0% (1995)	41.90%
chr17	7675232	G	A	32.1% (1226)	46.70%
chr17	58720881	T	C	29.9% (783)	43.10%
chr20	58840643	G	A	1.6% (1535)	3.00%
					
OZM-054-016-010-Progression2-cfDNA-UMI-2018Sep25 (ctDNA = 43.1%)					
chr3	179199131	TGAACCA	T	2.8% (1635)	4.90%
chr7	116763160	G	C	25.4% (1713)	38.70%
chr17	7675232	G	A	29.5% (1112)	43.10%
chr17	58720881	T	C	27.6% (584)	40.00%
					
OZM-054-018-001-Baseline (ctDNA = 19.8%)					
chr3	142469564	G	A	10.1% (575)	15.70%
chr7	92612254	T	C	12.4% (1109)	19.80%
chr11	108235701	A	T	4.1% (518)	5.80%
chr11	114063411	C	A	1.7% (644)	3.00%
chr13	32363367	CA	C	11.4% (944)	18.20%
chr13	102861549	A	C	10.7% (634)	16.50%
chrX	71119404	G	C	13.4% (389)	11.00%
					
OZM-054-018-001-Progression1 (ctDNA = 52.4%)					
chr3	142469564	G	A	28.7% (818)	41.90%
chr7	92612254	T	C	27.8% (1416)	41.30%
chr11	108235701	A	T	12.5% (710)	19.80%
chr11	114063411	C	A	2.4% (739)	3.90%
chr13	32363367	CA	C	37.5% (1013)	52.40%
chr13	102861549	A	C	30.3% (920)	43.80%
chr20	58908935	TGA	T	1.9% (934)	3.00%
chrX	71119404	G	C	47.1% (588)	44.00%
					
OZM-054-018-002-Baseline (ctDNA = 0.0%)					
					
OZM-054-018-002-Other-2015May20 (ctDNA = 5.8%)					
chr14	37591921	TTG	T	4.4% (229)	5.80%
					
OZM-054-018-003-Baseline (ctDNA = 78.0%)					
chr3	142536071	T	G	18.2% (292)	26.10%
chr17	7673823	C	T	67.4% (466)	78.00%
chr21	34789689	A	G	3.9% (837)	6.80%
chr22	16602129	C	T	15.8% (196)	22.20%
					
OZM-054-018-003-Other-2016Apr07 (ctDNA = 23.8%)					
chr3	142536071	T	G	4.2% (356)	5.80%
chr17	7673823	C	T	15.6% (565)	23.80%
chr21	34789689	A	G	4.0% (914)	6.80%
					
OZM-054-018-003-Progression1 (ctDNA = 89.2%)					
chr3	142536071	T	G	19.9% (296)	28.30%
chr17	7673823	C	T	82.6% (609)	89.20%
chr21	34789689	A	G	4.6% (907)	7.70%
chr22	16602129	C	T	19.6% (224)	27.60%
					
OZM-054-018-004-Baseline (ctDNA = 15.7%)					
chr3	70972609	A	G	1.8% (1190)	3.00%
chr3	142538470	C	G	9.5% (1015)	15.70%
chrX	67723701	C	T	3.7% (696)	3.00%
					
OZM-054-018-004-Other-2017Mar28 (ctDNA = 3.0%)					
chr3	142538470	C	G	1.5% (904)	3.00%
					
OZM-054-018-004-Other-cfDNA-UMI-2017Aug30 (ctDNA = 0.0%)					
					
OZM-054-018-004-Progression1-cfDNA-UMI-2017Jun08 (ctDNA = 16.5%)					
chr3	142538470	C	G	9.9% (1151)	16.50%
chr5	98886069	A	G	1.1% (1662)	2.00%
chrX	67723701	C	T	3.1% (908)	2.50%
					
OZM-054-018-004-Progression2-cfDNA-UMI-2017Nov24 (ctDNA = 21.4%)					
chr3	142538470	C	G	13.5% (1191)	21.40%
chr5	98886069	A	G	4.2% (1764)	6.80%
					
OZM-054-018-005-Baseline (ctDNA = 50.2%)					
chr3	142553761	G	A	25.1% (1031)	37.40%
chr11	108288944	C	T	28.0% (539)	40.60%
chr17	7673803	G	A	36.4% (629)	50.20%
					
OZM-054-018-005-Progression1-cfDNA-UMI-2017May24 (ctDNA = 75.4%)					
chr3	142553761	G	A	35.1% (1331)	49.60%
chr11	108288944	C	T	35.4% (917)	49.60%
chr17	7673803	G	A	62.7% (876)	75.40%
					
OZM-054-018-006-Baseline-cfDNA-UMI-2017Jul24 (ctDNA = 41.3%)					
chr3	138685120	T	A	17.9% (1518)	28.30%
chr3	179218294	G	A	63.2% (2517)	76.50%
chr3	179224833	T	C	60.0% (1296)	73.40%
chr5	112810412	A	G	28.8% (406)	40.60%
chr5	112810480	G	A	18.9% (106)	24.60%
chr14	37592026	A	C	28.0% (1039)	41.30%
chr16	72788778	A	T	2.1% (1989)	3.90%
chr17	43044339	A	G	1.3% (2012)	2.00%
chr17	43125089	G	A	19.8% (383)	29.10%
chr17	43125090	C	T	19.6% (393)	29.10%
chr20	22581923	T	G	35.5% (76)	43.80%
					
OZM-054-018-006-Other-cfDNA-UMI-2017Oct16 (ctDNA = 0.0%)					
					
OZM-054-018-006-Progression1-cfDNA-UMI-2018Jan11 (ctDNA = 3.9%)					
chr3	179218294	G	A	1.3% (1679)	2.00%
chr3	179224833	T	C	2.2% (1179)	3.90%
					
OZM-054-018-007-Baseline-cfDNA-UMI-2017Nov24 (ctDNA = 5.8%)					
chr13	32336932	A	G	1.9% (1129)	3.00%
chr13	102845852	G	C	3.9% (540)	5.80%
chr14	37592002	C	T	2.6% (1138)	3.90%
					
OZM-054-018-007-Other-cfDNA-UMI-2018Mar01 (ctDNA = 0.0%)					
					
OZM-054-018-008-Baseline-cfDNA-UMI-2017Dec19 (ctDNA = 49.1%)					
chr1	26729737	G	A	1.1% (1617)	2.00%
chr1	26762818	TC	T	18.4% (234)	26.10%
chr1	26771130	CA	C	17.0% (1460)	26.80%
chr2	47403213	A	G	20.0% (974)	31.20%
chr3	10052340	A	G	1.5% (920)	3.00%
chr3	41224621	T	C	1.3% (2086)	2.00%
chr3	72375197	GGTT	G	16.4% (1755)	26.80%
chr3	142549498	C	T	16.3% (855)	25.30%
chr4	152322272	A	C	17.6% (1118)	27.60%
chr5	98901040	CT	C	21.2% (1370)	33.30%
chr5	112815547	GCA	G	2.4% (1857)	3.90%
chr5	112839942	C	T	1.6% (2065)	3.00%
chr6	54775173	A	T	17.2% (857)	26.80%
chr7	140754223	C	T	10.7% (2040)	18.20%
chr7	148798555	C	T	4.9% (1275)	7.70%
chr7	152157930	TA	T	15.7% (1585)	25.30%
chr7	152181778	G	A	6.4% (2888)	11.30%
chr7	152435729	C	CG	3.9% (787)	5.80%
chr8	70112300	A	G	1.5% (1717)	3.00%
chr8	70124037	G	A	1.5% (2232)	3.00%
chr9	95099431	C	T	3.7% (1496)	6.80%
chr10	87958012	TA	T	34.3% (1354)	49.10%
chr10	87969757	GA	G	2.5% (1905)	4.90%
chr11	108226374	AT	A	19.6% (1777)	31.20%
chr11	108271147	G	A	19.4% (1307)	30.50%
chr12	49034929	T	A	1.3% (1717)	2.00%
chr12	49039589	C	T	7.6% (1041)	12.20%
chr12	49051742	TG	T	31.3% (1266)	45.60%
chr13	18171458	A	G	7.2% (1608)	12.20%
chr13	32317445	G	A	16.8% (268)	23.80%
chr13	48379598	A	G	21.0% (715)	31.90%
chr13	102876071	AT	A	26.0% (589)	38.10%
chr14	37590211	AAG	A	11.3% (1069)	18.20%
chr14	37590883	CTTCACCAT	C	11.3% (1492)	19.00%
chr14	68595731	AATT	A	22.8% (1589)	35.40%
chr14	104776442	C	T	16.9% (555)	26.10%
chr14	104777724	TG	T	18.7% (1234)	29.10%
chr15	90087558	C	T	15.9% (1104)	25.30%
chr16	13949881	GT	G	18.1% (1490)	29.10%
chr16	23638652	G	A	9.6% (438)	14.80%
chr16	72784927	GA	G	20.7% (1529)	32.60%
chr16	72788974	C	T	17.8% (225)	25.30%
chr16	72795450	G	A	17.4% (1979)	28.30%
chr16	72797003	CCT	C	16.8% (2188)	27.60%
chr16	72950984	GGA	G	17.8% (796)	27.60%
chr16	73059487	T	TC	6.0% (468)	8.60%
chr17	43049872	G	A	24.7% (89)	31.20%
chr17	49601230	G	GT	15.1% (1767)	24.60%
chr19	40232426	G	A	17.9% (1966)	28.30%
chr19	45365146	G	A	16.5% (1626)	26.80%
chr20	32431413	C	T	16.4% (2021)	26.80%
chr20	32438142	C	T	1.1% (1778)	2.00%
chr20	58840605	A	G	16.5% (1525)	26.80%
chr20	58895640	T	C	14.5% (1649)	23.80%
chr20	58910740	G	A	1.3% (1747)	2.00%
chr21	41464638	GACAA	G	10.3% (1362)	17.40%
chr21	41530119	C	T	10.0% (1784)	16.50%
chrX	45079189	T	C	4.8% (791)	4.00%
chrX	45079314	C	A	14.8% (891)	13.00%
chrX	67717529	G	T	2.4% (1227)	2.00%
chrX	67717530	G	T	21.2% (1227)	19.50%
chrX	67723701	C	T	1.6% (897)	1.50%
					
OZM-054-018-008-Other-cfDNA-UMI-2018Mar01 (ctDNA = 10.4%)					
chr1	26762818	TC	T	7.1% (211)	9.50%
chr1	26771130	CA	C	3.3% (1554)	5.80%
chr2	47403213	A	G	4.7% (996)	7.70%
chr3	72375197	GGTT	G	2.9% (1779)	4.90%
chr3	142549498	C	T	1.9% (1064)	3.00%
chr4	152322272	A	C	3.1% (1115)	4.90%
chr5	98901040	CT	C	3.8% (1409)	6.80%
chr6	54775173	A	T	2.5% (1177)	3.90%
chr7	140754223	C	T	3.2% (1768)	5.80%
chr7	152157930	TA	T	3.8% (1435)	6.80%
chr10	87958012	TA	T	6.4% (1449)	10.40%
chr11	108271147	G	A	3.5% (1272)	5.80%
chr13	48379598	A	G	2.2% (684)	3.00%
chr13	102876071	AT	A	2.6% (646)	3.90%
chr14	37590211	AAG	A	1.5% (1374)	3.00%
chr14	37590883	CTTCACCAT	C	2.7% (1824)	4.90%
chr14	68595731	AATT	A	3.8% (1725)	6.80%
chr14	104776442	C	T	2.0% (605)	3.00%
chr14	104777724	TG	T	3.1% (1225)	4.90%
chr15	90087558	C	T	2.5% (1050)	3.90%
chr16	72784927	GA	G	3.6% (1741)	5.80%
chr16	72795450	G	A	2.1% (1754)	3.90%
chr16	72950984	GGA	G	2.3% (921)	3.90%
chr17	39549074	C	T	2.0% (1794)	3.90%
chr17	49601230	G	GT	3.3% (1800)	5.80%
chr19	40232426	G	A	2.4% (1746)	3.90%
chr19	45365146	G	A	2.7% (1512)	4.90%
chr20	32431413	C	T	2.5% (1988)	4.90%
chr20	58840605	A	G	2.9% (1357)	4.90%
chr20	58895640	T	C	2.9% (1644)	4.90%
chr21	41464638	GACAA	G	1.4% (1685)	3.00%
chr21	41530119	C	T	2.0% (1878)	3.90%
chrX	45079314	C	A	5.5% (1076)	4.50%
chrX	67723701	C	T	6.0% (1008)	5.00%
					
OZM-054-026-001-Baseline (ctDNA = 22.2%)					
chr17	7670700	G	A	14.6% (553)	22.20%
					
OZM-054-026-001-Other-2015Aug18 (ctDNA = 0.0%)					
					
OZM-054-026-001-Progression1-cfDNA-UMI-2015May15 (ctDNA = 4.9%)					
chr17	7670700	G	A	2.8% (988)	4.90%
					
OZM-054-026-002-Baseline (ctDNA = 11.3%)					
chr17	7673543	TG	T	7.0% (784)	11.30%
chr20	32434542	C	T	6.9% (451)	10.40%
					
OZM-054-026-002-Other-2015Nov10 (ctDNA = 0.0%)					
					
OZM-054-026-002-Progression1 (ctDNA = 13.1%)					
chr17	7673543	TG	T	3.8% (916)	5.80%
chr20	32434542	C	T	8.7% (505)	13.10%
					
OZM-054-026-002-Progression2 (ctDNA = 0.0%)					
					
OZM-054-026-003-Baseline (ctDNA = 56.6%)					
chr3	70971956	T	C	18.7% (567)	28.30%
chr16	72959348	C	A	29.6% (1555)	43.80%
chr17	7673808	TC	T	39.7% (469)	53.50%
chr17	7673810	A	T	43.1% (443)	56.60%
					
OZM-054-026-003-Other-2015Nov13 (ctDNA = 67.1%)					
chr3	70971956	T	C	20.2% (660)	30.50%
chr16	72959348	C	A	35.6% (1347)	50.20%
chr17	7673808	TC	T	53.7% (367)	66.70%
chr17	7673810	A	T	54.6% (370)	67.10%
					
OZM-054-026-003-Other-2016Jun09 (ctDNA = 38.7%)					
chr3	70971956	T	C	18.1% (409)	26.80%
chr13	48367497	G	T	1.9% (582)	3.00%
chr13	48441970	T	C	2.0% (498)	3.00%
chr16	72959348	C	A	21.7% (1294)	33.30%
chr17	7673808	TC	T	25.8% (368)	36.70%
chr17	7673810	A	T	27.2% (372)	38.70%
					
OZM-054-026-003-Progression1 (ctDNA = 24.6%)					
chr3	70971956	T	C	11.6% (371)	17.40%
chr16	72959348	C	A	13.5% (1155)	21.40%
chr17	7673808	TC	T	16.4% (377)	24.60%
chr17	7673810	A	T	16.3% (386)	24.60%
					
OZM-054-026-003-Progression2 (ctDNA = 37.4%)					
chr3	70971956	T	C	18.1% (414)	26.80%
chr13	48463716	C	G	5.3% (434)	7.70%
chr13	48463745	C	T	5.2% (536)	7.70%
chr16	72959348	C	A	18.5% (1246)	29.10%
chr17	7673808	TC	T	25.3% (687)	37.40%
chr17	7673810	A	T	25.6% (680)	37.40%
chr17	39462492	G	C	1.0% (961)	2.00%
chrX	45082638	T	A	1.8% (606)	1.50%
chrX	45082641	G	A	1.7% (596)	1.50%
chrX	45089841	AT	A	8.7% (622)	7.50%
					
OZM-054-026-004-Baseline (ctDNA = 9.5%)					
chr17	39471105	GTA	G	5.9% (849)	9.50%
					
OZM-054-026-004-Progression1 (ctDNA = 0.0%)					
					
OZM-054-026-005-Baseline (ctDNA = 62.5%)					
chr7	152312288	C	CT	15.0% (666)	23.00%
chr9	21989200	C	T	29.4% (102)	37.40%
chr13	48342716	T	G	33.8% (349)	46.20%
chr17	7675095	C	G	50.0% (256)	62.50%
chr19	40241688	G	C	24.8% (435)	36.10%
					
OZM-054-026-006-Baseline (ctDNA = 0.0%)					
					
OZM-054-026-006-Progression1-cfDNA-UMI-2018Feb26 (ctDNA = 0.0%)					
					
OZM-054-026-007-Baseline (ctDNA = 8.6%)					
chr17	39517410	C	A	6.1% (280)	8.60%
					
OZM-054-026-007-Other-cfDNA-UMI-2017Apr18 (ctDNA = 2.0%)					
chr17	43059585	C	T	1.4% (1240)	2.00%
					
OZM-054-026-008-Baseline (ctDNA = 26.5%)					
chr3	41224625	GTGCCACTACCACAGC	G	10.0% (1231)	16.50%
chr7	140722587	G	A	15.9% (1307)	25.30%
chr10	87961041	GTACT	G	7.6% (912)	12.20%
chr12	25206285	GA	G	6.2% (1231)	10.40%
chr14	68595869	G	GA	6.6% (1058)	10.40%
chrX	71122574	T	A	29.5% (525)	26.50%
chrX	129468866	T	A	2.0% (561)	1.50%
					
OZM-054-026-010-Baseline-cfDNA-UMI-2017Apr19 (ctDNA = 0.0%)					
					
OZM-054-026-010-Other-cfDNA-UMI-2017Jul12 (ctDNA = 0.0%)					
					
OZM-054-026-011-Baseline-cfDNA-UMI-2017Jun05 (ctDNA = 0.0%)					
					
OZM-054-026-011-Other-cfDNA-UMI-2017Sep11 (ctDNA = 0.0%)					
					
OZM-054-026-012-Baseline-cfDNA-UMI-2017Oct24 (ctDNA = 52.9%)					
chr3	179218303	G	A	31.5% (1471)	46.20%
chr7	152176927	A	AT	29.7% (1908)	43.80%
chr11	108345748	G	A	38.3% (1070)	52.90%
chr11	108345749	C	T	38.3% (1090)	52.90%
					
OZM-054-026-012-Other-cfDNA-UMI-2018Jan25 (ctDNA = 0.0%)					
					
OZM-054-026-013-Baseline-cfDNA-UMI-2017Nov08 (ctDNA = 29.1%)					
chr3	179218294	G	A	18.1% (1517)	29.10%
chr16	72796345	G	A	13.3% (1152)	21.40%
chr17	7670685	G	A	16.0% (938)	25.30%
chrX	67546460	C	T	5.3% (2297)	5.00%
					
OZM-054-026-013-Other-cfDNA-UMI-2018Jan31 (ctDNA = 0.0%)					
					
OZM-054-026-014-Baseline-cfDNA-UMI-2017Nov13 (ctDNA = 0.0%)					
					
OZM-054-026-014-Other-cfDNA-UMI-2018Feb08 (ctDNA = 0.0%)					
					
OZM-054-026-015-Baseline-cfDNA-UMI-2017Nov28 (ctDNA = 26.8%)					
chr2	47803500	A	AC	7.1% (2014)	12.20%
chr3	41234462	A	G	13.1% (305)	19.00%
chr3	179198979	G	A	10.8% (1897)	18.20%
chr7	148792855	C	T	7.9% (1196)	13.10%
chr8	70113005	ACT	A	12.1% (2129)	19.80%
chr10	87970981	C	T	16.4% (1888)	26.80%
chr12	49033696	C	T	10.0% (1925)	16.50%
chr13	48379594	C	T	11.2% (554)	17.40%
chr14	37590724	T	C	4.3% (1343)	7.70%
chr21	34833478	T	A	1.1% (1852)	2.00%
chrX	45069730	A	AG	1.2% (1217)	1.00%
chrX	64851631	G	A	29.7% (465)	26.50%
chrX	67723701	C	T	1.4% (933)	1.00%
					
OZM-054-026-015-Other-cfDNA-UMI-2018Feb22 (ctDNA = 0.0%)					
					
OZM-054-028-002-Baseline (ctDNA = 82.7%)					
chr5	98855278	TA	T	16.5% (828)	26.10%
chr17	7675076	T	C	74.3% (343)	82.70%
chr20	47651069	A	C	50.0% (66)	58.20%
chr20	47651070	T	A	51.4% (70)	59.60%
					
OZM-054-028-002-Progression1-2016Mar10 (ctDNA = 59.6%)					
chr5	98855278	TA	T	10.3% (887)	16.50%
chr17	7675076	T	C	46.5% (387)	59.60%
chr20	47651069	A	C	39.3% (61)	46.70%
chr20	47651070	T	A	43.8% (64)	51.90%
					
OZM-054-028-003-Baseline (ctDNA = 2.0%)					
chr17	7674885	C	T	1.2% (949)	2.00%
					
OZM-054-028-003-Other-2016May10 (ctDNA = 0.0%)					
					
OZM-054-028-005-Baseline (ctDNA = 6.8%)					
chr2	47445608	AC	A	1.7% (754)	3.00%
chr3	71333346	C	T	2.5% (866)	3.90%
chr7	140724104	T	C	2.4% (828)	3.90%
chr8	70112459	T	TA	3.0% (863)	4.90%
chr11	69644222	G	T	2.9% (339)	3.90%
chr11	108267292	ATAG	A	1.9% (1054)	3.00%
chr12	49037272	CA	C	4.3% (601)	6.80%
chr13	48480472	TA	T	3.1% (833)	4.90%
					
OZM-054-028-005-Other-2016Aug16 (ctDNA = 14.8%)					
chr1	119601869	A	G	3.1% (323)	3.90%
chr2	47445608	AC	A	5.1% (798)	8.60%
chr3	41224607	A	T	5.1% (1083)	8.60%
chr3	71333346	C	T	2.9% (1017)	4.90%
chr7	116724825	T	G	5.8% (874)	9.50%
chr7	140724104	T	C	7.0% (1023)	11.30%
chr8	70112459	T	TA	4.7% (979)	7.70%
chr8	70121465	C	T	4.9% (268)	6.80%
chr9	21969847	C	T	2.7% (364)	3.90%
chr9	22006224	G	A	5.6% (179)	6.80%
chr11	69644222	G	T	5.0% (322)	6.80%
chr11	108267292	ATAG	A	3.8% (1198)	6.80%
chr12	49037272	CA	C	9.3% (723)	14.80%
chr13	48362859	C	T	5.5% (919)	8.60%
chr13	48480472	TA	T	4.6% (950)	7.70%
chr14	68563536	AT	A	6.0% (553)	9.50%
chr17	1551116	G	A	7.0% (301)	9.50%
chr17	7669503	C	T	5.9% (1061)	9.50%
chr19	40236676	G	A	3.0% (980)	4.90%
					
OZM-054-028-007-Baseline (ctDNA = 7.7%)					
chr3	71304678	C	T	2.2% (866)	3.90%
chr5	68300789	G	A	3.6% (1587)	5.80%
chr17	7676110	GT	G	5.0% (986)	7.70%
					
OZM-054-028-007-Other-cfDNA-UMI-2017Jun23 (ctDNA = 0.0%)					
					
OZM-054-028-007-Progression1-cfDNA-UMI-2018Feb12 (ctDNA = 88.9%)					
chr3	71304678	C	T	43.3% (536)	57.10%
chr5	68300789	G	A	30.5% (1418)	45.00%
chr5	98893791	T	A	59.1% (66)	66.70%
chr8	70216931	C	G	55.8% (77)	64.40%
chr17	1551041	G	A	88.4% (43)	88.90%
chr17	7676108	TG	T	1.5% (827)	2.00%
chr17	7676110	GT	G	81.3% (860)	88.60%
chrX	129490038	T	C	4.0% (248)	3.00%
					
OZM-054-028-008-Baseline-cfDNA-UMI-2017Aug25 (ctDNA = 0.0%)					
					
OZM-054-028-008-Other-cfDNA-UMI-2017Nov27 (ctDNA = 0.0%)					
					
OZM-054-028-008-Progression1-cfDNA-UMI-2018Feb26 (ctDNA = 23.0%)					
chr14	37590069	GTTA	G	4.7% (1065)	7.70%
chr17	7674220	C	T	14.1% (1303)	23.00%
					
OZM-054-028-009-Baseline-cfDNA-UMI-2017Nov27 (ctDNA = 0.0%)					
					
OZM-054-028-009-Other-cfDNA-UMI-2018Feb20 (ctDNA = 0.0%)					
					
OZM-054-900-001-Baseline-cfDNA-UMI-2017Mar07 (ctDNA = 25.3%)					
chr2	47806366	C	G	1.2% (1223)	2.00%
chr14	104780214	C	T	30.3% (1876)	45.00%
chr17	7673839	T	A	16.0% (1101)	25.30%
					
OZM-054-900-001-Other-cfDNA-UMI-2017Jul31 (ctDNA = 41.9%)					
chr3	37025978	G	C	3.2% (1386)	5.80%
chr7	152138785	C	G	1.3% (1536)	2.00%
chr7	152148352	G	C	3.4% (1540)	5.80%
chr7	152148477	G	C	4.0% (1546)	6.80%
chr7	152151003	G	A	4.6% (1356)	7.70%
chr7	152162203	G	A	3.0% (1184)	4.90%
chr14	104780214	C	T	59.4% (1473)	73.00%
chr17	7673839	T	A	29.0% (794)	41.90%
					
OZM-054-900-001-Other-cfDNA-UMI-2017Mar07 (ctDNA = 17.4%)					
chr14	104780214	C	T	31.1% (1140)	45.00%
chr17	7673839	T	A	11.2% (658)	17.40%
					
OZM-054-900-001-Progression1-cfDNA-UMI-2017May05 (ctDNA = 27.6%)					
chr3	37025978	G	C	2.1% (1403)	3.90%
chr7	152148352	G	C	1.8% (1535)	3.00%
chr7	152148477	G	C	1.9% (1555)	3.00%
chr7	152151003	G	A	1.5% (1302)	3.00%
chr7	152162203	G	A	1.7% (1329)	3.00%
chr14	104780214	C	T	39.4% (1226)	54.50%
chr17	7673839	T	A	17.8% (764)	27.60%
					
OZM-054-900-001-Progression2-cfDNA-UMI-2017Aug23 (ctDNA = 40.6%)					
chr3	37025978	G	C	5.1% (1422)	8.60%
chr7	152138785	C	G	2.2% (1579)	3.90%
chr7	152148352	G	C	6.3% (1581)	10.40%
chr7	152148477	G	C	5.7% (1590)	9.50%
chr7	152151003	G	A	3.8% (1416)	6.80%
chr7	152162203	G	A	4.5% (1281)	7.70%
chr14	104780214	C	T	58.0% (1484)	71.80%
chr17	7673839	T	A	27.8% (784)	40.60%
chrX	71131860	G	C	10.7% (112)	7.50%
					
OZM-054-900-002-Baseline-cfDNA-UMI-2017Mar22 (ctDNA = 0.0%)					
					
OZM-054-900-002-Other-cfDNA-UMI-2017Jun13 (ctDNA = 0.0%)					
					
OZM-054-900-003-Baseline-cfDNA-UMI-2017Jul25 (ctDNA = 0.0%)					
					
OZM-054-900-003-Other-cfDNA-UMI-2017Oct24 (ctDNA = 0.0%)					
					
OZM-054-900-003-Other-cfDNA-UMI-2018Jan29 (ctDNA = 7.7%)					
chr1	204538277	C	G	1.1% (1608)	2.00%
chr2	47429936	A	G	4.7% (1111)	7.70%
chr3	142449984	C	T	1.9% (1127)	3.00%
chr14	37593984	C	G	1.2% (978)	2.00%
chrX	67730307	G	C	5.2% (961)	4.50%
					
OZM-054-900-003-Progression1-cfDNA-UMI-2017Nov06 (ctDNA = 3.0%)					
chr2	47429936	A	G	2.0% (1138)	3.00%
chrX	67730307	G	C	2.0% (1056)	1.50%
					
OZM-054-900-004-Baseline-cfDNA-UMI-2017Oct17 (ctDNA = 3.9%)					
chr17	7673776	G	A	2.2% (1476)	3.90%
					
OZM-054-900-004-Progression1-cfDNA-UMI-2018Jan15 (ctDNA = 15.7%)					
chr11	108226002	A	G	2.8% (1343)	4.90%
chr14	37590399	A	AT	1.3% (1582)	2.00%
chr17	7673776	G	A	9.5% (1472)	15.70%
chr20	32372394	T	A	1.3% (2189)	2.00%
					
OZM-054-900-005-Baseline-cfDNA-UMI-2018Nov22 (ctDNA = 14.0%)					
chr1	26781526	T	C	7.0% (1128)	11.30%
chr1	204555102	C	T	1.6% (989)	3.00%
chr2	47803399	T	G	1.1% (1211)	2.00%
chr2	104061997	GA	G	3.5% (597)	5.80%
chr2	127286966	C	T	6.1% (1502)	10.40%
chr3	10040373	C	T	2.2% (1247)	3.90%
chr3	41227270	C	T	2.3% (1274)	3.90%
chr3	70976925	G	A	3.3% (1038)	5.80%
chr3	71052593	C	T	5.9% (1315)	9.50%
chr3	179224082	T	C	3.8% (975)	5.80%
chr3	179234297	A	G	2.4% (1357)	3.90%
chr4	77548604	C	T	4.9% (613)	7.70%
chr5	68292037	GCT	G	1.6% (1263)	3.00%
chr5	68301197	C	T	5.4% (1217)	8.60%
chr5	99291074	GT	G	9.5% (315)	14.00%
chr7	148730210	C	T	5.9% (1307)	9.50%
chr7	152148449	C	T	6.4% (1515)	10.40%
chr8	70111623	A	T	1.0% (1493)	2.00%
chr9	21970656	T	C	6.4% (551)	9.50%
chr9	21971192	C	A	1.2% (884)	2.00%
chr9	95111271	G	A	6.7% (1094)	11.30%
chr10	87866883	GA	G	7.4% (1535)	12.20%
chr10	87933034	A	T	6.2% (1112)	10.40%
chr10	87961066	T	C	3.3% (1125)	5.80%
chr11	69643207	C	T	2.0% (800)	3.00%
chr11	108321365	C	T	2.2% (1433)	3.90%
chr11	114064310	T	C	1.9% (905)	3.00%
chr12	49052412	AC	A	5.4% (930)	8.60%
chr12	49059705	GCC	G	3.8% (900)	5.80%
chr13	48463703	A	G	8.4% (441)	13.10%
chr14	104773245	G	A	7.2% (1280)	12.20%
chr15	90090457	G	A	6.0% (784)	9.50%
chr16	13949844	C	T	6.3% (1232)	10.40%
chr16	23634922	A	G	7.4% (1419)	12.20%
chr16	72785312	T	C	1.9% (1235)	3.00%
chr16	73058962	C	A	4.8% (250)	6.80%
chr17	7675088	C	T	7.3% (844)	12.20%
chr17	7675156	CG	C	4.9% (1126)	7.70%
chr17	43045162	T	C	6.7% (1508)	11.30%
chr19	40235078	C	T	7.5% (1579)	12.20%
chr20	22582680	G	A	1.9% (1120)	3.00%
chr20	58855211	G	A	6.4% (1342)	10.40%
chr20	58910518	C	T	7.1% (367)	10.40%
chr21	34821760	C	T	9.1% (635)	14.00%
chr21	38403543	G	A	1.0% (1537)	2.00%
chrX	67723701	C	T	1.7% (773)	1.50%
					
OZM-054-900-005-Other-cfDNA-UMI-2018Feb20 (ctDNA = 62.0%)					
chr1	26762818	TC	T	29.1% (151)	38.70%
chr1	26781526	T	C	26.0% (1341)	39.40%
chr2	47708069	G	T	13.2% (167)	18.20%
chr2	47803500	A	AC	13.2% (1453)	21.40%
chr2	47803500	A	AC	13.2% (1453)	21.40%
chr2	104061997	GA	G	4.0% (1237)	6.80%
chr2	127286966	C	T	26.3% (1376)	39.40%
chr2	127289365	G	A	3.0% (1392)	4.90%
chr3	10040373	C	T	1.2% (1263)	2.00%
chr3	41227270	C	T	26.2% (1434)	39.40%
chr3	58469336	G	A	23.9% (226)	33.30%
chr3	70976925	G	A	25.6% (1137)	38.70%
chr3	71052593	C	T	27.8% (1445)	41.30%
chr3	179218294	G	A	1.9% (1771)	3.00%
chr3	179224082	T	C	2.9% (1347)	4.90%
chr3	179234297	A	G	15.4% (1695)	25.30%
chr4	77548604	C	T	23.6% (760)	35.40%
chr4	132964953	CA	C	24.7% (283)	34.70%
chr4	152338145	TA	T	21.9% (73)	26.80%
chr4	152381978	A	G	27.1% (59)	32.60%
chr5	68292037	GCT	G	1.1% (1500)	2.00%
chr5	68298120	G	A	12.2% (1357)	19.80%
chr5	68301197	C	T	25.0% (1234)	38.10%
chr5	98858289	G	T	2.6% (1618)	4.90%
chr5	98858563	TA	T	8.2% (1355)	14.00%
chr5	99291074	GT	G	25.5% (640)	37.40%
chr5	112834968	C	T	3.6% (1242)	5.80%
chr7	92836433	AC	A	21.4% (98)	27.60%
chr7	140787766	A	G	30.0% (70)	36.70%
chr7	148730210	C	T	28.6% (1226)	42.50%
chr7	152135012	C	CA	1.7% (1202)	3.00%
chr7	152148449	C	T	27.9% (1553)	41.90%
chr7	152169022	C	T	32.2% (121)	41.30%
chr7	152181663	C	A	1.1% (1529)	2.00%
chr8	70111623	A	T	1.0% (1782)	2.00%
chr8	70121074	TA	T	28.6% (70)	35.40%
chr9	21970656	T	C	25.6% (507)	37.40%
chr9	95111271	G	A	26.6% (1093)	40.00%
chr10	87866883	GA	G	24.5% (1493)	37.40%
chr10	87930986	CT	C	23.7% (729)	35.40%
chr10	87933034	A	T	24.6% (1254)	37.40%
chr10	87933050	G	A	1.9% (1344)	3.00%
chr10	87961066	T	C	11.8% (940)	19.00%
chr11	108321365	C	T	22.0% (1422)	34.00%
chr11	114064310	T	C	18.5% (802)	28.30%
chr12	12720864	G	GA	18.9% (95)	24.60%
chr12	25235325	C	T	17.3% (150)	23.80%
chr12	49030448	TG	T	19.6% (327)	28.30%
chr12	49052412	AC	A	23.2% (997)	35.40%
chr12	49059705	GCC	G	2.5% (794)	3.90%
chr13	32399324	AT	A	11.3% (213)	15.70%
chr13	48363049	GT	G	33.3% (252)	45.00%
chr13	48463703	A	G	34.8% (477)	47.90%
chr14	68000553	AT	A	26.7% (75)	33.30%
chr14	104773245	G	A	26.3% (1279)	39.40%
chr15	90087362	C	T	1.8% (811)	3.00%
chr15	90090457	G	A	31.2% (795)	45.00%
chr15	90102386	G	A	6.2% (291)	8.60%
chr16	13949844	C	T	27.9% (1535)	41.90%
chr16	23634922	A	G	27.8% (1505)	41.30%
chr16	72957857	CT	C	1.1% (906)	2.00%
chr16	73058962	C	A	20.4% (206)	28.30%
chr16	89739727	TG	T	20.1% (1699)	31.90%
chr17	7675088	C	T	27.5% (804)	40.60%
chr17	7675156	CG	C	26.2% (1005)	38.70%
chr17	43045162	T	C	26.7% (1599)	40.00%
chr17	43169872	GT	G	9.9% (294)	14.00%
chr17	58357043	G	A	19.8% (81)	24.60%
chr17	62143709	G	A	12.4% (217)	17.40%
chr19	40235078	C	T	26.1% (1819)	39.40%
chr19	45357106	G	A	21.9% (151)	29.80%
chr19	45872640	G	A	32.5% (169)	43.10%
chr20	22582030	G	A	3.0% (502)	4.90%
chr20	22582680	G	A	2.3% (1073)	3.90%
chr20	32431557	AT	A	22.0% (1071)	34.00%
chr20	58855211	G	A	23.6% (1109)	36.10%
chr20	58888954	G	GC	13.4% (381)	19.80%
chr20	58910518	C	T	24.2% (265)	34.00%
chr21	10454014	AT	A	11.9% (371)	17.40%
chr21	34821760	C	T	31.8% (683)	45.00%
chr22	16575556	A	G	2.3% (1581)	3.90%
chr22	16602148	A	G	20.3% (664)	30.50%
chrX	45078636	CT	C	51.5% (99)	44.00%
chrX	67723701	C	T	2.0% (1049)	1.50%
chrX	129488753	CA	C	70.8% (65)	62.00%
					
OZM-054-900-006-Baseline-cfDNA-UMI-2017Nov20 (ctDNA = 15.7%)					
chr10	87967012	T	A	1.5% (821)	2.00%
chr13	48452984	T	G	7.6% (726)	12.20%
chr14	37592012	AGCCGTTCTC	A	9.6% (996)	15.70%
chr17	58417052	G	T	8.3% (1727)	14.00%
					
OZM-054-900-006-Other-cfDNA-UMI-2018Feb20 (ctDNA = 3.0%)					
chr10	87967012	T	A	1.9% (877)	3.00%
					
OZM-054-901-001-Baseline-cfDNA-UMI-2017Jan03 (ctDNA = 9.5%)					
chr1	119571725	G	A	5.8% (483)	8.60%
chr7	140834033	CAGATGGGTTACTTAT	C	2.7% (974)	3.90%
chr7	140834051	AGT	A	2.5% (1189)	3.90%
chr13	32379787	T	G	5.5% (1244)	9.50%
chrX	67545247	T	C	2.1% (1249)	2.00%
					
OZM-054-901-002-Baseline-cfDNA-UMI-2017Jan23 (ctDNA = 0.0%)					
					
OZM-054-901-002-Progression1-cfDNA-UMI-2017Apr18 (ctDNA = 15.7%)					
chr1	119507897	T	C	8.9% (1816)	14.80%
chr2	208240295	T	C	1.6% (1339)	3.00%
chr6	54774119	C	A	4.6% (327)	6.80%
chr14	37592003	GCAAGTAGCAGCCGTTCTCGAA	G	2.3% (878)	3.90%
chr14	37594257	A	G	5.3% (1329)	8.60%
chr14	104770581	C	T	9.8% (244)	14.00%
chr16	13932348	A	T	9.4% (1704)	15.70%
chr17	49601986	CCTTTA	C	7.4% (1712)	12.20%
chr17	49601993	G	GTA	7.4% (1722)	12.20%
chr17	49601994	C	T	7.9% (1700)	13.10%
chr21	38661816	A	C	8.8% (1011)	14.00%
					
OZM-054-901-002-Progression2-cfDNA-UMI-2017Nov13 (ctDNA = 32.6%)					
chr1	119507897	T	C	20.2% (1839)	31.90%
chr2	208240295	T	C	5.5% (1379)	9.50%
chr7	152187843	A	G	10.3% (1218)	16.50%
chr13	48376959	GA	G	4.8% (1106)	7.70%
chr14	37592003	GCAAGTAGCAGCCGTTCTCGAA	G	5.5% (757)	8.60%
chr14	37594257	A	G	11.4% (1342)	19.00%
chr14	104770581	C	T	20.7% (217)	29.10%
chr16	13932348	A	T	20.7% (1912)	32.60%
chr17	49601986	CCTTTA	C	18.9% (1665)	29.80%
chr17	49601993	G	GTA	19.5% (1714)	31.20%
chr17	49601994	C	T	20.3% (1703)	31.90%
chr21	38661816	A	C	16.2% (931)	25.30%
					
OZM-054-901-003-Baseline-cfDNA-UMI-2017May08 (ctDNA = 35.4%)					
chr1	204526561	T	C	25.6% (86)	32.60%
chr14	37590109	TAA	T	23.6% (1031)	35.40%
					
OZM-054-901-003-Progression1-cfDNA-UMI-2017Oct06 (ctDNA = 51.3%)					
chr1	204526561	T	C	36.7% (109)	46.20%
chr3	72377187	A	G	5.8% (1517)	9.50%
chr13	48347824	G	A	9.6% (668)	14.80%
chr14	37590109	TAA	T	36.3% (1110)	51.30%
chr16	89738929	G	A	1.1% (1381)	2.00%
					
OZM-054-901-003-Progression2-cfDNA-UMI-2017Nov27 (ctDNA = 38.7%)					
chr1	204526561	T	C	27.1% (107)	34.70%
chr3	72377187	A	G	2.6% (1516)	4.90%
chr3	138655456	A	C	1.3% (1821)	2.00%
chr13	48347824	G	A	5.9% (763)	9.50%
chr14	37590109	TAA	T	26.2% (962)	38.70%
					
OZM-054-901-004-Baseline-cfDNA-UMI-2017Aug07 (ctDNA = 0.0%)					
					
OZM-054-901-004-Other-cfDNA-UMI-2017Nov06 (ctDNA = 0.0%)					
					
OZM-054-901-004-Other-cfDNA-UMI-2017Nov27 (ctDNA = 0.0%)					
					
OZM-054-901-005-Baseline-cfDNA-UMI-2017Oct24 (ctDNA = 12.2%)					
chr7	152205157	T	A	20.4% (1756)	31.90%
chr12	68842135	T	C	7.0% (1594)	12.20%
chr21	41465842	G	C	2.0% (1637)	3.90%
					
OZM-054-901-005-Other-cfDNA-UMI-2018Jan08 (ctDNA = 14.0%)					
chr7	140801659	A	G	6.4% (344)	9.50%
chr7	152205157	T	A	18.5% (1733)	29.10%
chr12	49031393	C	A	1.5% (1537)	3.00%
chr12	68842135	T	C	8.2% (1617)	14.00%
					
OZM-054-901-005-Other-cfDNA-UMI-2018Mar26 (ctDNA = 26.8%)					
chr7	140801659	A	G	14.1% (455)	21.40%
chr7	152205157	T	A	31.9% (1814)	46.70%
chr7	152205375	A	G	33.3% (69)	40.60%
chr12	68842135	T	C	16.5% (1560)	26.80%
chr20	58842044	C	G	6.8% (162)	8.60%
					
OZM-054-901-005-Progression1-cfDNA-UMI-2018Mar13 (ctDNA = 34.7%)					
chr7	140801659	A	G	13.1% (420)	19.80%
chr7	152205157	T	A	47.2% (1779)	62.50%
chr12	49031393	C	A	2.6% (1319)	3.90%
chr12	68842135	T	C	22.6% (1485)	34.70%
chr20	58842044	C	G	14.2% (127)	19.00%
chrX	67723710	A	G	4.3% (792)	3.50%
					
OZM-054-902-003-Baseline-cfDNA-UMI-2017Oct26 (ctDNA = 0.0%)					
					
OZM-054-902-003-Other-cfDNA-UMI-2018Jan18 (ctDNA = 0.0%)					